--liquibase formatted sql

--changeset Teja:1



-- Generated by Oracle SQL Developer Data Modeler 4.1.1.888
--   at:        2015-09-02 16:17:15 EDT
--   site:      Oracle Database 11g
--   type:      Oracle Database 11g

create or replace Function NEWID
  RETURN varchar2
IS
  v_uid varchar2(256);

BEGIN

  SELECT SYS.STANDARD.TO_CHAR(SYS_GUID()) INTO v_uid FROM DUAL;

RETURN v_uid;

EXCEPTION
WHEN OTHERS THEN
  raise_application_error(-20001,'An error was encountered - '||SQLCODE||' -ERROR- '||SQLERRM);
END;



CREATE
  TABLE ALERT_HISTORY
  (
    ALERT_ID        VARCHAR2 (200 CHAR) NOT NULL ,
    ENTITY_PARAM_ID VARCHAR2 (200 CHAR) NOT NULL ,
    OPTION_VALUE_ID VARCHAR2 (200 CHAR) NOT NULL ,
    ENTITY_NAME     VARCHAR2 (200 CHAR) ,
    ALERT_ACTION    VARCHAR2 (200 CHAR) ,
    TIME_STAMP      DATE
  ) ;
ALTER TABLE ALERT_HISTORY ADD CONSTRAINT ALERT_HISTORY_PK PRIMARY KEY (
ALERT_ID ) ;


CREATE
  TABLE IMPORT_HISTORY
  (
    IMPORT_ID            VARCHAR2 (200 CHAR) NOT NULL ,
    IMPORT_FILE_LOCATION VARCHAR2 (500 CHAR) NOT NULL ,
    IMPORT_FILE_NAME     VARCHAR2 (200 CHAR) NOT NULL ,
    DESCRIPTION          VARCHAR2 (500 CHAR) NOT NULL ,
    USERNAME             VARCHAR2 (100 CHAR) NOT NULL ,
    TIME_STAMP           DATE NOT NULL
  ) ;
ALTER TABLE IMPORT_HISTORY ADD CONSTRAINT IMPORT_HISTORY_PK PRIMARY KEY (
IMPORT_ID ) ;


CREATE
  TABLE LIVE_BROADCAST_CONSUMERS
  (
    BROADCAST_ID  VARCHAR2 (200 CHAR) NOT NULL ,
    FILE_FLOW_ID  VARCHAR2 (200 CHAR) NOT NULL ,
    CONSUMER_NAME VARCHAR2 (200 CHAR) NOT NULL
  ) ;
ALTER TABLE LIVE_BROADCAST_CONSUMERS ADD CONSTRAINT LIVE_BROADCAST_PK PRIMARY
KEY ( BROADCAST_ID ) ;


CREATE
  TABLE LIVE_COMM
  (
    CONSUMER_NAME VARCHAR2 (200 CHAR) NOT NULL ,
    PROCESS_NAME  VARCHAR2 (200 CHAR) NOT NULL
  ) ;
ALTER TABLE LIVE_COMM ADD CONSTRAINT LIVE_COMM_PK PRIMARY KEY ( CONSUMER_NAME )
;


CREATE
  TABLE LIVE_COMM_OVERRIDES
  (
    OVERRIDE_PARAM_ID VARCHAR2 (200 CHAR) NOT NULL ,
    FILE_FLOW_ID      VARCHAR2 (200 CHAR) NOT NULL ,
    PARAM_NAME        VARCHAR2 (200 CHAR) NOT NULL ,
    PARAM_VALUE       VARCHAR2 (200 CHAR)
  ) ;
ALTER TABLE LIVE_COMM_OVERRIDES ADD CONSTRAINT LIVE_COMM_OVERRIDES_PK PRIMARY
KEY ( OVERRIDE_PARAM_ID ) ;


CREATE
  TABLE LIVE_COMM_PARAMS
  (
    COMM_PARAM_ID VARCHAR2 (200 CHAR) NOT NULL ,
    CONSUMER_NAME VARCHAR2 (200 CHAR) NOT NULL ,
    PARAM_NAME    VARCHAR2 (200 CHAR) NOT NULL ,
    PARAM_VALUE   VARCHAR2 (200 CHAR)
  ) ;
ALTER TABLE LIVE_COMM_PARAMS ADD CONSTRAINT LIVE_COMM_PARAMS_PK PRIMARY KEY (
COMM_PARAM_ID ) ;


CREATE
  TABLE LIVE_ENTITY_FILE_FLOW
  (
    FILE_FLOW_ID    VARCHAR2 (200 CHAR) NOT NULL ,
    PRODUCER_NAME   VARCHAR2 (200 CHAR) NOT NULL ,
    FILE_VALIDATION VARCHAR2 (200 CHAR) NOT NULL ,
    CONSUMER_NAME   VARCHAR2 (200 CHAR)
  ) ;
CREATE
  INDEX LIVE_ENTITY_FILE_FLOW_P_IDX ON LIVE_ENTITY_FILE_FLOW
  (
    PRODUCER_NAME ASC
  ) ;
ALTER TABLE LIVE_ENTITY_FILE_FLOW ADD CONSTRAINT LIVE_ENTITY_FILE_FLOW_PK
PRIMARY KEY ( FILE_FLOW_ID ) ;


CREATE
  TABLE LIVE_FLOW_PROCESSES
  (
    FLOW_PROCESS_ID VARCHAR2 (200 CHAR) NOT NULL ,
    FILE_FLOW_ID    VARCHAR2 (200 CHAR) NOT NULL ,
    PROCESS_NAME    VARCHAR2 (200 CHAR) NOT NULL ,
    RUN_ORDER       INTEGER NOT NULL
  ) ;
CREATE
  INDEX LIVE_FLOW_PROCESSES_NAME_IDX ON LIVE_FLOW_PROCESSES
  (
    PROCESS_NAME ASC
  ) ;
ALTER TABLE LIVE_FLOW_PROCESSES ADD CONSTRAINT LIVE_FLOW_PROCESSES_PK PRIMARY
KEY ( FLOW_PROCESS_ID ) ;


CREATE
  TABLE LIVE_PROCESS_PARAMS
  (
    FLOW_PARAM_ID   VARCHAR2 (200 CHAR) NOT NULL ,
    FLOW_PROCESS_ID VARCHAR2 (200 CHAR) NOT NULL ,
    PARAM_NAME      VARCHAR2 (200 CHAR) NOT NULL ,
    PARAM_VALUE     VARCHAR2 (200 CHAR)
  ) ;
ALTER TABLE LIVE_PROCESS_PARAMS ADD CONSTRAINT LIVE_PROCESS_PARAMS_PK PRIMARY
KEY ( FLOW_PARAM_ID ) ;


CREATE
  TABLE PATTERN_DATA_FLOW
  (
    PATTERN_ID    VARCHAR2 (200 CHAR) NOT NULL ,
    PATTERN_NAME  VARCHAR2 (200 CHAR) NOT NULL ,
    LAST_MOD_USER VARCHAR2 (200 CHAR) ,
    LAST_MOD_DATE DATE
  ) ;
ALTER TABLE PATTERN_DATA_FLOW ADD CONSTRAINT PATTERN_DATA_FLOW_PK PRIMARY KEY (
PATTERN_ID ) ;


CREATE
  TABLE PATTERN_DATA_FLOW_PROCESSES
  (
    PATTERN_PROCESS_ID     VARCHAR2 (200 CHAR) NOT NULL ,
    PATTERN_ID             VARCHAR2 (200 CHAR) NOT NULL ,
    SETUP_PROCESS_ID       VARCHAR2 (200 CHAR) NOT NULL ,
    FLOW_PROCESS_ORDER_NUM INTEGER NOT NULL
  ) ;
ALTER TABLE PATTERN_DATA_FLOW_PROCESSES ADD CONSTRAINT PATTERN_DFP_PK PRIMARY
KEY ( PATTERN_PROCESS_ID ) ;
ALTER TABLE PATTERN_DATA_FLOW_PROCESSES ADD CONSTRAINT PP_ORDER_NUM_UN UNIQUE (
PATTERN_ID , FLOW_PROCESS_ORDER_NUM ) ;


CREATE
  TABLE PATTERN_PROCESS_PARAMS
  (
    PARAM_ID           VARCHAR2 (200 CHAR) NOT NULL ,
    PATTERN_PROCESS_ID VARCHAR2 (200 CHAR) NOT NULL ,
    PARAM_NAME         VARCHAR2 (200 CHAR) NOT NULL ,
    PARAM_VALUE        VARCHAR2 (2000 CHAR)
  ) ;
ALTER TABLE PATTERN_PROCESS_PARAMS ADD CONSTRAINT PATTERN_PARAMS_PK PRIMARY KEY
( PARAM_ID ) ;
ALTER TABLE PATTERN_PROCESS_PARAMS ADD CONSTRAINT PATTERN_PARAMS_NAME_UN UNIQUE
( PATTERN_PROCESS_ID , PARAM_NAME ) ;


CREATE
  TABLE PREF_REPORT
  (
    REPORT_ID     VARCHAR2 (200 BYTE) NOT NULL ,
    REPORT_NAME   VARCHAR2 (200 CHAR) NOT NULL ,
    REPORT_USER   VARCHAR2 (100 CHAR) NOT NULL ,
    REPORT_EMAIL  VARCHAR2 (100 CHAR) NOT NULL ,
    REPORT_TYPE   VARCHAR2 (10 CHAR) NOT NULL ,
    OUTPUT_FORMAT VARCHAR2 (10 CHAR) NOT NULL ,
    LAST_MOD_USER VARCHAR2 (200 CHAR) NOT NULL ,
    LAST_MOD_DATE DATE NOT NULL
  ) ;
INSERT
INTO
  PREF_REPORT
  (
    REPORT_ID,
    REPORT_NAME,
    REPORT_USER,
    REPORT_EMAIL,
    REPORT_TYPE,
    OUTPUT_FORMAT,
    LAST_MOD_USER,
    LAST_MOD_DATE
  )
  VALUES
  (
    'Example1',
    'Example - Partners By Wave',
    'OPTx',
    'changethis@example.com',
    'Graph',
    'PDF',
    'OPTx',
    CURRENT_TIMESTAMP
  );
INSERT
INTO
  PREF_REPORT
  (
    REPORT_ID,
    REPORT_NAME,
    REPORT_USER,
    REPORT_EMAIL,
    REPORT_TYPE,
    OUTPUT_FORMAT,
    LAST_MOD_USER,
    LAST_MOD_DATE
  )
  VALUES
  (
    'Example2',
    'Example - Partners per Migration Status in Wave 1',
    'OPTx',
    'changethis@example.com',
    'Graph',
    'PDF',
    'OPTx',
    CURRENT_TIMESTAMP
  );
INSERT
INTO
  PREF_REPORT
  (
    REPORT_ID,
    REPORT_NAME,
    REPORT_USER,
    REPORT_EMAIL,
    REPORT_TYPE,
    OUTPUT_FORMAT,
    LAST_MOD_USER,
    LAST_MOD_DATE
  )
  VALUES
  (
    'Example3',
    'Example - Partners "Identifying" by Wave',
    'OPTx',
    'changethis@example.com',
    'Graph',
    'PDF',
    'OPTx',
    CURRENT_TIMESTAMP
  );
INSERT
INTO
  PREF_REPORT
  (
    REPORT_ID,
    REPORT_NAME,
    REPORT_USER,
    REPORT_EMAIL,
    REPORT_TYPE,
    OUTPUT_FORMAT,
    LAST_MOD_USER,
    LAST_MOD_DATE
  )
  VALUES
  (
    'Example4',
    'Example - Partners "Completed" by Wave',
    'OPTx',
    'changethis@example.com',
    'Graph',
    'PDF',
    'OPTx',
    CURRENT_TIMESTAMP
  ) ;
ALTER TABLE PREF_REPORT ADD CONSTRAINT PREF_REPORT_PK PRIMARY KEY ( REPORT_ID )
;
ALTER TABLE PREF_REPORT ADD CONSTRAINT PREF_REPORT_NAME_UN UNIQUE ( REPORT_NAME
) ;


CREATE
  TABLE PREF_REPORT_CUSTOM_SQL
  (
    SQL_ID      VARCHAR2 (200 CHAR) NOT NULL ,
    REPORT_ID   VARCHAR2 (200 BYTE) NOT NULL ,
    GRAPH_LABEL VARCHAR2 (200 CHAR) NOT NULL ,
    GRAPH_TYPE  VARCHAR2 (20 CHAR) NOT NULL ,
    CUSTOM_SQL  VARCHAR2 (4000 CHAR) NOT NULL
  ) ;
INSERT
INTO
  PREF_REPORT_CUSTOM_SQL
  (
    SQL_ID,
    REPORT_ID,
    GRAPH_LABEL,
    GRAPH_TYPE,
    CUSTOM_SQL
  )
  VALUES
  (
    '7744ff17-3409-44a0-ba6e-ab4853390a7b',
    'Example1',
    'Partners by wave',
    'pie',
    'SELECT COUNT (*) AS Y,
REPLACE( COALESCE (P.PARAM_VALUE, ''''), ''_'', '' '') AS X
FROM
STAGE_ENTITY_PARAMS P
WHERE P.PARAM_NAME = ''Wave''
AND P.PARAM_VALUE IS NOT NULL
AND P.PARAM_VALUE != ''''
GROUP BY P.PARAM_VALUE
ORDER BY 2'
  );
INSERT
INTO
  PREF_REPORT_CUSTOM_SQL
  (
    SQL_ID,
    REPORT_ID,
    GRAPH_LABEL,
    GRAPH_TYPE,
    CUSTOM_SQL
  )
  VALUES
  (
    'd68090c5-1f87-462b-a495-49977d14ed2e',
    'Example2',
    'Partners per Migration Status in Wave 1',
    'pie',
    'SELECT
COUNT (*) AS Y,
REPLACE(COALESCE (P.PARAM_VALUE, ''''),''_'','' '') AS X
FROM STAGE_ENTITY_PARAMS P
INNER JOIN STAGE_ENTITY_PARAMS W ON P.ENTITY_ID = W.ENTITY_ID AND W.PARAM_NAME = ''Wave'' AND W.PARAM_VALUE = 1

WHERE P.PARAM_NAME = ''Migration_Status''
AND P.PARAM_VALUE IS NOT NULL AND P.PARAM_VALUE != ''''

GROUP BY P.PARAM_VALUE
ORDER BY 1'
  );
INSERT
INTO
  PREF_REPORT_CUSTOM_SQL
  (
    SQL_ID,
    REPORT_ID,
    GRAPH_LABEL,
    GRAPH_TYPE,
    CUSTOM_SQL
  )
  VALUES
  (
    '9015fb0f-59dd-401d-b514-0463f3b243e8',
    'Example3',
    'Partners "Identifying" by Wave',
    'bar',
    'SELECT
COUNT (*) AS Y,
REPLACE(COALESCE (P.PARAM_VALUE, ''''),''_'','' '') AS X
FROM STAGE_ENTITY_PARAMS P
INNER JOIN STAGE_ENTITY_PARAMS W ON P.ENTITY_ID = W.ENTITY_ID AND W.PARAM_NAME = ''Migration_Status'' AND W.PARAM_VALUE = ''Identifying''

WHERE P.PARAM_NAME = ''Wave''
AND P.PARAM_VALUE IS NOT NULL AND P.PARAM_VALUE != ''''

GROUP BY P.PARAM_VALUE
ORDER BY 2 ASC'
  );
INSERT
INTO
  PREF_REPORT_CUSTOM_SQL
  (
    SQL_ID,
    REPORT_ID,
    GRAPH_LABEL,
    GRAPH_TYPE,
    CUSTOM_SQL
  )
  VALUES
  (
    '1508eafe-35f8-4db7-83aa-5a9ed1e6b1fd',
    'Example4',
    'Partners "Completed" by Wave',
    'bar',
    'SELECT
COUNT (*) AS Y,
REPLACE(COALESCE (P.PARAM_VALUE, ''''),''_'','' '') AS X
FROM STAGE_ENTITY_PARAMS P
INNER JOIN STAGE_ENTITY_PARAMS W ON P.ENTITY_ID = W.ENTITY_ID AND W.PARAM_NAME = ''Migration_Status'' AND W.PARAM_VALUE = ''Completed''

WHERE P.PARAM_NAME = ''Wave''
AND P.PARAM_VALUE IS NOT NULL AND P.PARAM_VALUE != ''''

GROUP BY P.PARAM_VALUE
ORDER BY 2 ASC'
  ) ;
ALTER TABLE PREF_REPORT_CUSTOM_SQL ADD CONSTRAINT PREF_REPORT_CUSTOM_SQL_PK
PRIMARY KEY ( SQL_ID ) ;


CREATE
  TABLE PREF_REPORT_PARAMS
  (
    REPORT_PARAM_ID            VARCHAR2 (200 CHAR) NOT NULL ,
    REPORT_ID                  VARCHAR2 (200 BYTE) NOT NULL ,
    DROPDOWN_ENTITY_PARAM_ID   VARCHAR2 (200 CHAR) NOT NULL ,
    SEARCH_PARAM_NAME          VARCHAR2 (200 CHAR) NOT NULL ,
    SEARCH_PARAM_VALUE         VARCHAR2 (200 CHAR) NOT NULL ,
    SEARCH_OPERATOR            VARCHAR2 (20 CHAR) NOT NULL ,
    SEARCH_PARAM_DISPLAY_LABEL VARCHAR2 (200 CHAR) NOT NULL
  ) ;
ALTER TABLE PREF_REPORT_PARAMS ADD CONSTRAINT PREF_REPORT_PARAMS_PK PRIMARY KEY
( REPORT_PARAM_ID ) ;


CREATE
  TABLE PREF_REPORT_SCHEDULES
  (
    SCHEDULE_ID       VARCHAR2 (200 CHAR) NOT NULL ,
    REPORT_ID         VARCHAR2 (200 BYTE) NOT NULL ,
    EXECUTION_MINUTES VARCHAR2 (200 CHAR) DEFAULT '*/30' NOT NULL ,
    EXECUTION_HOURS   VARCHAR2 (200 CHAR) DEFAULT '*' NOT NULL ,
    EXECUTION_DOW     VARCHAR2 (200 CHAR) DEFAULT '*' NOT NULL ,
    EXECUTION_DOM     VARCHAR2 (200 CHAR) DEFAULT '*' NOT NULL ,
    ENABLED           INTEGER DEFAULT 0 NOT NULL
  ) ;
INSERT
INTO
  PREF_REPORT_SCHEDULES
  (
    SCHEDULE_ID,
    REPORT_ID,
    EXECUTION_MINUTES,
    EXECUTION_HOURS,
    EXECUTION_DOW,
    EXECUTION_DOM,
    ENABLED
  )
  VALUES
  (
    'fb6850ab-926c-4fde-8435-b4711b60e290',
    'Example1',
    '0',
    '1',
    '*',
    '*',
    0
  );
INSERT
INTO
  PREF_REPORT_SCHEDULES
  (
    SCHEDULE_ID,
    REPORT_ID,
    EXECUTION_MINUTES,
    EXECUTION_HOURS,
    EXECUTION_DOW,
    EXECUTION_DOM,
    ENABLED
  )
  VALUES
  (
    '7994cbaa-be40-4ed6-8de6-d189624dc6c1',
    'Example2',
    '0',
    '1',
    '*',
    '*',
    0
  );
INSERT
INTO
  PREF_REPORT_SCHEDULES
  (
    SCHEDULE_ID,
    REPORT_ID,
    EXECUTION_MINUTES,
    EXECUTION_HOURS,
    EXECUTION_DOW,
    EXECUTION_DOM,
    ENABLED
  )
  VALUES
  (
    '97b74c68-4816-4142-93c9-25df03f8fd08',
    'Example3',
    '0',
    '1',
    '*',
    '*',
    0
  );
INSERT
INTO
  PREF_REPORT_SCHEDULES
  (
    SCHEDULE_ID,
    REPORT_ID,
    EXECUTION_MINUTES,
    EXECUTION_HOURS,
    EXECUTION_DOW,
    EXECUTION_DOM,
    ENABLED
  )
  VALUES
  (
    '7505b86d-1f3d-4d64-83bc-0685e5679845',
    'Example4',
    '0',
    '1',
    '*',
    '*',
    0
  ) ;
ALTER TABLE PREF_REPORT_SCHEDULES ADD CONSTRAINT PREF_REPORT_SCHEDULES_PK
PRIMARY KEY ( SCHEDULE_ID ) ;


CREATE
  TABLE PREF_SAVED_SEARCH
  (
    SAVE_SEARCH_ID   VARCHAR2 (200 CHAR) NOT NULL ,
    SAVE_SEARCH_NAME VARCHAR2 (200 CHAR) NOT NULL ,
    SCREEN           VARCHAR2 (20 CHAR)
  ) ;
ALTER TABLE PREF_SAVED_SEARCH ADD CONSTRAINT PREF_SAVED_SEARCH_PK PRIMARY KEY (
SAVE_SEARCH_ID ) ;
ALTER TABLE PREF_SAVED_SEARCH ADD CONSTRAINT PREF_SAVED_SEARCH_UN UNIQUE (
SAVE_SEARCH_NAME ) ;


CREATE
  TABLE PREF_SAVE_SEARCH_PARAMS
  (
    SAVE_SEARCH_PARAM_ID       VARCHAR2 (200 CHAR) NOT NULL ,
    SAVE_SEARCH_ID             VARCHAR2 (200 CHAR) NOT NULL ,
    DROPDOWN_ENTITY_PARAM_ID   VARCHAR2 (200 CHAR) NOT NULL ,
    SEARCH_PARAM_NAME          VARCHAR2 (200 CHAR) NOT NULL ,
    SEARCH_PARAM_VALUE         VARCHAR2 (200 CHAR) NOT NULL ,
    SEARCH_OPERATOR            VARCHAR2 (20 CHAR) NOT NULL ,
    SEARCH_PARAM_DISPLAY_LABEL VARCHAR2 (200 CHAR) NOT NULL
  ) ;
ALTER TABLE PREF_SAVE_SEARCH_PARAMS ADD CONSTRAINT PREF_SAVE_SEARCH_PARAMS_PK
PRIMARY KEY ( SAVE_SEARCH_PARAM_ID ) ;


CREATE
  TABLE PUBLISH_HISTORY
  (
    PUBLISH_ID  VARCHAR2 (200) NOT NULL ,
    ENTITY_ID   VARCHAR2 (200 CHAR) NOT NULL ,
    ENTITY_NAME VARCHAR2 (200 CHAR) ,
    DESCRIPTION VARCHAR2 (200 CHAR) ,
    USERNAME    VARCHAR2 (200 CHAR) ,
    TIME_STAMP  DATE
  ) ;
ALTER TABLE PUBLISH_HISTORY ADD CONSTRAINT PUBLISH_HISTORY_PK PRIMARY KEY (
PUBLISH_ID ) ;


CREATE
  TABLE SETUP_COMMS
  (
    SETUP_COMM_ID VARCHAR2 (200 CHAR) NOT NULL ,
    COMM_TYPE     VARCHAR2 (20 CHAR) NOT NULL ,
    PROCESS_NAME  VARCHAR2 (200 CHAR) NOT NULL ,
    PROTOCOL      VARCHAR2 (200 CHAR) NOT NULL ,
    HELP_INFO     VARCHAR2 (200 CHAR) ,
    SCHEDULE_FLAG INTEGER DEFAULT 0 NOT NULL ,
    ENABLE_FLAG   INTEGER DEFAULT 1 NOT NULL
  ) ;
--INSERT INTO SETUP_COMMS (SETUP_COMM_ID, PROCESS_NAME, COMM_TYPE, PROTOCOL,
-- HELP_INFO, SCHEDULE_FLAG) VALUES ('PRODUCER_HTTP',    '
-- OPTx_Comm_Producer_HTTPServer_Receive', 'PRODUCE','HTTP',          'Used
-- when the Producer will HTTP(s) Post files to this SFG system.',
-- 0);
INSERT
INTO
  SETUP_COMMS
  (
    SETUP_COMM_ID,
    PROCESS_NAME,
    COMM_TYPE,
    PROTOCOL,
    HELP_INFO,
    SCHEDULE_FLAG
  )
  VALUES
  (
    'PRODUCER_MAILBOX',
    'OPTx_Comm_Producer_Mailbox_Move',
    'PRODUCE',
    'Mailbox',
    'Used when the Producer will push files to this SFG system.',
    0
  );
INSERT
INTO
  SETUP_COMMS
  (
    SETUP_COMM_ID,
    PROCESS_NAME,
    COMM_TYPE,
    PROTOCOL,
    HELP_INFO,
    SCHEDULE_FLAG
  )
  VALUES
  (
    'PRODUCER_SFTP',
    'OPTx_Comm_Producer_SFTPClient_Get',
    'PRODUCE',
    'SFTP',
    'Used when the external system expects this SFG to sweep for files on a schedule.'
    ,
    1
  );
INSERT
INTO
  SETUP_COMMS
  (
    SETUP_COMM_ID,
    PROCESS_NAME,
    COMM_TYPE,
    PROTOCOL,
    HELP_INFO,
    SCHEDULE_FLAG
  )
  VALUES
  (
    'PRODUCER_FTP',
    'OPTx_Comm_Producer_FTPClient_Get',
    'PRODUCE',
    'FTP',
    'Used when the external system expects this SFG to sweep for files on a schedule.'
    ,
    1
  );
INSERT
INTO
  SETUP_COMMS
  (
    SETUP_COMM_ID,
    PROCESS_NAME,
    COMM_TYPE,
    PROTOCOL,
    HELP_INFO,
    SCHEDULE_FLAG
  )
  VALUES
  (
    'PRODUCER_FSA',
    'OPTx_Comm_Producer_FSA_Collect',
    'PRODUCE',
    'File System',
    'Used when SFG should look on a local or network disk for files to process.'
    ,
    1
  );
INSERT
INTO
  SETUP_COMMS
  (
    SETUP_COMM_ID,
    PROCESS_NAME,
    COMM_TYPE,
    PROTOCOL,
    HELP_INFO,
    SCHEDULE_FLAG
  )
  VALUES
  (
    'CONSUMER_MAILBOX',
    'OPTx_Comm_Consumer_Mailbox_Move',
    'CONSUME',
    'Mailbox',
    'Used when the Consumer will collect files from this SFG system.',
    0
  );
INSERT
INTO
  SETUP_COMMS
  (
    SETUP_COMM_ID,
    PROCESS_NAME,
    COMM_TYPE,
    PROTOCOL,
    HELP_INFO,
    SCHEDULE_FLAG
  )
  VALUES
  (
    'CONSUMER_SFTP',
    'OPTx_Comm_Consumer_SFTPClient_Put',
    'CONSUME',
    'SFTP',
    'Used when the external system expects this SFG to deliver files to the remote server.'
    ,
    0
  );
INSERT
INTO
  SETUP_COMMS
  (
    SETUP_COMM_ID,
    PROCESS_NAME,
    COMM_TYPE,
    PROTOCOL,
    HELP_INFO,
    SCHEDULE_FLAG
  )
  VALUES
  (
    'CONSUMER_FTP',
    'OPTx_Comm_Consumer_FTPClient_Put',
    'CONSUME',
    'FTP',
    'Used when the external system expects this SFG to deliver files to the remote server.'
    ,
    0
  );
INSERT
INTO
  SETUP_COMMS
  (
    SETUP_COMM_ID,
    PROCESS_NAME,
    COMM_TYPE,
    PROTOCOL,
    HELP_INFO,
    SCHEDULE_FLAG
  )
  VALUES
  (
    'CONSUMER_FSA',
    'OPTx_Comm_Consumer_FSA_Extract',
    'CONSUME',
    'File System',
    'Used when this SFG needs to deliver files to a local ot network disk.',
    0
  );
INSERT
INTO
  SETUP_COMMS
  (
    SETUP_COMM_ID,
    PROCESS_NAME,
    COMM_TYPE,
    PROTOCOL,
    HELP_INFO,
    SCHEDULE_FLAG
  )
  VALUES
  (
    'CONSUMER_CD',
    'OPTx_Comm_Consumer_CD_CopyTo',
    'CONSUME',
    'Connect:Direct',
    'Used when this SFG needs to send files to a remote C:D node using the CopyTo service.'
    ,
    0
  );
INSERT
INTO
  SETUP_COMMS
  (
    SETUP_COMM_ID,
    PROCESS_NAME,
    COMM_TYPE,
    PROTOCOL,
    HELP_INFO,
    SCHEDULE_FLAG
  )
  VALUES
  (
    'CONSUMER_HTTP',
    'OPTx_Comm_Consumer_HTTPClient_Post',
    'CONSUME',
    'HTTP',
    'Used when this SFG needs to Post files to an HTTP Server',
    0
  );
INSERT
INTO
  SETUP_COMMS
  (
    SETUP_COMM_ID,
    PROCESS_NAME,
    COMM_TYPE,
    PROTOCOL,
    HELP_INFO,
    SCHEDULE_FLAG
  )
  VALUES
  (
    'CONSUMER_MQ',
    'OPTx_Comm_Consumer_MQ_Put',
    'CONSUME',
    'MQ',
    'Used when this SFG needs to send files to an MQ server.',
    0
  ) ;
ALTER TABLE SETUP_COMMS ADD CONSTRAINT SETUP_COMM_PK PRIMARY KEY (
SETUP_COMM_ID ) ;
ALTER TABLE SETUP_COMMS ADD CONSTRAINT SETUP_COMMS_PROTOCOL_UN UNIQUE (
COMM_TYPE , PROTOCOL ) ;


CREATE
  TABLE SETUP_COMM_PARAMS
  (
    COMM_PARAM_ID    VARCHAR2 (200 CHAR) NOT NULL ,
    COMM_ID          VARCHAR2 (200 CHAR) NOT NULL ,
    PARAM_NAME       VARCHAR2 (200 CHAR) NOT NULL ,
    INPUT_ORDER      INTEGER NOT NULL ,
    INPUT_LABEL      VARCHAR2 (200 CHAR) NOT NULL ,
    INPUT_HELP_INFO  VARCHAR2 (2000 CHAR) ,
    INPUT_TYPE       VARCHAR2 (200 CHAR) NOT NULL ,
    INPUT_VALIDATION VARCHAR2 (200 CHAR) ,
    DEFAULT_VALUE    VARCHAR2 (200 CHAR) ,
    REQUIRED_FLAG    INTEGER DEFAULT 0 NOT NULL ,
    SENSITIVE_FLAG   INTEGER DEFAULT 0 NOT NULL ,
    OVERRIDE_FLAG    INTEGER DEFAULT 0 NOT NULL ,
    OPTION_ID        VARCHAR2 (200 CHAR) ,
    SETUP_LINK_URI   VARCHAR2 (500 CHAR) ,
    SETUP_LINK_LABEL VARCHAR2 (200 CHAR)
  ) ;
INSERT
INTO
  SETUP_COMM_PARAMS
  (
    COMM_PARAM_ID,
    COMM_ID,
    PARAM_NAME,
    INPUT_ORDER,
    INPUT_LABEL,
    INPUT_TYPE,
    INPUT_HELP_INFO,
    INPUT_VALIDATION,
    DEFAULT_VALUE,
    REQUIRED_FLAG,
    SENSITIVE_FLAG,
    OVERRIDE_FLAG,
    OPTION_ID,
    SETUP_LINK_URI,
    SETUP_LINK_LABEL
  )
  VALUES
  (
    '9628D861-1D3D-4FC4-AC15-817038891002',
    'PRODUCER_MAILBOX',
    'SubMailbox',
    1,
    'Sub-Mailbox',
    'text',
    'Mailbox created under the "/${Producer}" mailbox where files will be drop off by an external entity.'
    ,
    '[A-Za-z0-9_]+',
    '',
    1,
    0,
    0,
    NULL,
    '',
    ''
  );
INSERT
INTO
  SETUP_COMM_PARAMS
  (
    COMM_PARAM_ID,
    COMM_ID,
    PARAM_NAME,
    INPUT_ORDER,
    INPUT_LABEL,
    INPUT_TYPE,
    INPUT_HELP_INFO,
    INPUT_VALIDATION,
    DEFAULT_VALUE,
    REQUIRED_FLAG,
    SENSITIVE_FLAG,
    OVERRIDE_FLAG,
    OPTION_ID,
    SETUP_LINK_URI,
    SETUP_LINK_LABEL
  )
  VALUES
  (
    '9628D861-1D3D-4FC4-AC15-817038891003',
    'PRODUCER_MAILBOX',
    'PrependOption',
    2,
    'Prepend Option',
    'radio',
    'Prepend Submailbox or Consumer Name to File Name',
    '.+',
    '',
    1,
    0,
    0,
    'ProducerMailboxPrepend',
    '',
    ''
  );
INSERT
INTO
  SETUP_COMM_PARAMS
  (
    COMM_PARAM_ID,
    COMM_ID,
    PARAM_NAME,
    INPUT_ORDER,
    INPUT_LABEL,
    INPUT_TYPE,
    INPUT_HELP_INFO,
    INPUT_VALIDATION,
    DEFAULT_VALUE,
    REQUIRED_FLAG,
    SENSITIVE_FLAG,
    OVERRIDE_FLAG,
    OPTION_ID,
    SETUP_LINK_URI,
    SETUP_LINK_LABEL
  )
  VALUES
  (
    '9628D861-1D3D-4FC4-AC15-817038891004',
    'PRODUCER_MAILBOX',
    'ConsumerName',
    3,
    'Static Consumer Name',
    'text',
    'This is only used if Mailbox Routing is chosen above.',
    '.+',
    '',
    0,
    0,
    0,
    NULL,
    '',
    ''
  );
INSERT
INTO
  SETUP_COMM_PARAMS
  (
    COMM_PARAM_ID,
    COMM_ID,
    PARAM_NAME,
    INPUT_ORDER,
    INPUT_LABEL,
    INPUT_TYPE,
    INPUT_HELP_INFO,
    INPUT_VALIDATION,
    DEFAULT_VALUE,
    REQUIRED_FLAG,
    SENSITIVE_FLAG,
    OVERRIDE_FLAG,
    OPTION_ID,
    SETUP_LINK_URI,
    SETUP_LINK_LABEL
  )
  VALUES
  (
    'B0B89A23-801C-4707-9B2C-C5FCD4297A48',
    'CONSUMER_MAILBOX',
    'SubMailbox',
    1,
    'Sub-Mailbox',
    'text',
    'Mailbox created under the "/${Consumer}" mailbox where files will be delivered to at the end of the data flow.'
    ,
    '[A-Za-z0-9_]+',
    '',
    1,
    0,
    1,
    NULL,
    '',
    ''
  );
INSERT
INTO
  SETUP_COMM_PARAMS
  (
    COMM_PARAM_ID,
    COMM_ID,
    PARAM_NAME,
    INPUT_ORDER,
    INPUT_LABEL,
    INPUT_TYPE,
    INPUT_HELP_INFO,
    INPUT_VALIDATION,
    DEFAULT_VALUE,
    REQUIRED_FLAG,
    SENSITIVE_FLAG,
    OVERRIDE_FLAG,
    OPTION_ID,
    SETUP_LINK_URI,
    SETUP_LINK_LABEL
  )
  VALUES
  (
    '96B50F77-7470-41EC-8A95-F4C54EE06688',
    'PRODUCER_SFTP',
    'Host',
    1,
    'Host',
    'text',
    'SFTP Server Host',
    '.+',
    '',
    1,
    0,
    0,
    NULL,
    '',
    ''
  );
INSERT
INTO
  SETUP_COMM_PARAMS
  (
    COMM_PARAM_ID,
    COMM_ID,
    PARAM_NAME,
    INPUT_ORDER,
    INPUT_LABEL,
    INPUT_TYPE,
    INPUT_HELP_INFO,
    INPUT_VALIDATION,
    DEFAULT_VALUE,
    REQUIRED_FLAG,
    SENSITIVE_FLAG,
    OVERRIDE_FLAG,
    OPTION_ID,
    SETUP_LINK_URI,
    SETUP_LINK_LABEL
  )
  VALUES
  (
    '249B63DC-519D-4654-8A25-935A3B651168',
    'PRODUCER_SFTP',
    'Port',
    2,
    'Port',
    'text',
    'SFTP Server Port',
    '^([0-9]{1,4}|[1-5][0-9]{4}|6[0-4][0-9]{3}|65[0-4][0-9]{2}|655[0-2][0-9]|6553[0-5])$'
    ,
    '22',
    1,
    0,
    0,
    NULL,
    '',
    ''
  );
INSERT
INTO
  SETUP_COMM_PARAMS
  (
    COMM_PARAM_ID,
    COMM_ID,
    PARAM_NAME,
    INPUT_ORDER,
    INPUT_LABEL,
    INPUT_TYPE,
    INPUT_HELP_INFO,
    INPUT_VALIDATION,
    DEFAULT_VALUE,
    REQUIRED_FLAG,
    SENSITIVE_FLAG,
    OVERRIDE_FLAG,
    OPTION_ID,
    SETUP_LINK_URI,
    SETUP_LINK_LABEL
  )
  VALUES
  (
    '057CF84F-1248-47A4-8C25-6D8DFD35E5C1',
    'PRODUCER_SFTP',
    'AdapterName',
    3,
    'Adapter Name',
    'text',
    'SFTP Client Adapter Name',
    '.+',
    'OPTx_SFTP_Client_External',
    1,
    0,
    0,
    NULL,
    '',
    ''
  );
INSERT
INTO
  SETUP_COMM_PARAMS
  (
    COMM_PARAM_ID,
    COMM_ID,
    PARAM_NAME,
    INPUT_ORDER,
    INPUT_LABEL,
    INPUT_TYPE,
    INPUT_HELP_INFO,
    INPUT_VALIDATION,
    DEFAULT_VALUE,
    REQUIRED_FLAG,
    SENSITIVE_FLAG,
    OVERRIDE_FLAG,
    OPTION_ID,
    SETUP_LINK_URI,
    SETUP_LINK_LABEL
  )
  VALUES
  (
    '74877850-578E-4240-88E6-51A0BA57C9C2',
    'PRODUCER_SFTP',
    'User',
    4,
    'User',
    'text',
    'User Name',
    '.+',
    '',
    1,
    0,
    0,
    NULL,
    '',
    ''
  );
INSERT
INTO
  SETUP_COMM_PARAMS
  (
    COMM_PARAM_ID,
    COMM_ID,
    PARAM_NAME,
    INPUT_ORDER,
    INPUT_LABEL,
    INPUT_TYPE,
    INPUT_HELP_INFO,
    INPUT_VALIDATION,
    DEFAULT_VALUE,
    REQUIRED_FLAG,
    SENSITIVE_FLAG,
    OVERRIDE_FLAG,
    OPTION_ID,
    SETUP_LINK_URI,
    SETUP_LINK_LABEL
  )
  VALUES
  (
    '1A8C669D-CA0D-4348-91DE-D202DB2E6536',
    'PRODUCER_SFTP',
    'Password',
    5,
    'Password',
    'text',
    'Password',
    '.+',
    '',
    0,
    1,
    0,
    NULL,
    '',
    ''
  );
INSERT
INTO
  SETUP_COMM_PARAMS
  (
    COMM_PARAM_ID,
    COMM_ID,
    PARAM_NAME,
    INPUT_ORDER,
    INPUT_LABEL,
    INPUT_TYPE,
    INPUT_HELP_INFO,
    INPUT_VALIDATION,
    DEFAULT_VALUE,
    REQUIRED_FLAG,
    SENSITIVE_FLAG,
    OVERRIDE_FLAG,
    OPTION_ID,
    SETUP_LINK_URI,
    SETUP_LINK_LABEL
  )
  VALUES
  (
    'C39597DA-B935-4C6C-818F-CEFEF01D6A67',
    'PRODUCER_SFTP',
    'KnownHostKey',
    6,
    'Known Host Key',
    'text',
    'SFTP Known Host Key',
    '.+',
    '',
    1,
    0,
    0,
    NULL,
    '/ws/Page?next=page.remotehostkeysearch',
    'Check In'
  );
INSERT
INTO
  SETUP_COMM_PARAMS
  (
    COMM_PARAM_ID,
    COMM_ID,
    PARAM_NAME,
    INPUT_ORDER,
    INPUT_LABEL,
    INPUT_TYPE,
    INPUT_HELP_INFO,
    INPUT_VALIDATION,
    DEFAULT_VALUE,
    REQUIRED_FLAG,
    SENSITIVE_FLAG,
    OVERRIDE_FLAG,
    OPTION_ID,
    SETUP_LINK_URI,
    SETUP_LINK_LABEL
  )
  VALUES
  (
    '13042332-993A-4C27-A3DF-281DD3550EDB',
    'PRODUCER_SFTP',
    'UserIdentKey',
    7,
    'User Identity Key',
    'text',
    'SFTP User Identity Key',
    '.+',
    '',
    0,
    0,
    0,
    NULL,
    '/ws/Page?next=page.localuserkeysearch',
    'Setup'
  );
INSERT
INTO
  SETUP_COMM_PARAMS
  (
    COMM_PARAM_ID,
    COMM_ID,
    PARAM_NAME,
    INPUT_ORDER,
    INPUT_LABEL,
    INPUT_TYPE,
    INPUT_HELP_INFO,
    INPUT_VALIDATION,
    DEFAULT_VALUE,
    REQUIRED_FLAG,
    SENSITIVE_FLAG,
    OVERRIDE_FLAG,
    OPTION_ID,
    SETUP_LINK_URI,
    SETUP_LINK_LABEL
  )
  VALUES
  (
    '06BF6A9C-0BD4-49EA-BFBA-B0C1392B0506',
    'PRODUCER_SFTP',
    'FilterPattern',
    8,
    'Filter Pattern',
    'text',
    'File name pattern to collect',
    '.+',
    '*',
    1,
    0,
    0,
    NULL,
    '',
    ''
  );
INSERT
INTO
  SETUP_COMM_PARAMS
  (
    COMM_PARAM_ID,
    COMM_ID,
    PARAM_NAME,
    INPUT_ORDER,
    INPUT_LABEL,
    INPUT_TYPE,
    INPUT_HELP_INFO,
    INPUT_VALIDATION,
    DEFAULT_VALUE,
    REQUIRED_FLAG,
    SENSITIVE_FLAG,
    OVERRIDE_FLAG,
    OPTION_ID,
    SETUP_LINK_URI,
    SETUP_LINK_LABEL
  )
  VALUES
  (
    '10226A5C-9B9E-421B-86DC-9345AD4EDCA3',
    'PRODUCER_SFTP',
    'ProcessingType',
    9,
    'Delete After Collect',
    'radio',
    'Delete the file after collect?',
    '.+',
    'YES',
    1,
    0,
    0,
    'YESNO',
    '',
    ''
  );
INSERT
INTO
  SETUP_COMM_PARAMS
  (
    COMM_PARAM_ID,
    COMM_ID,
    PARAM_NAME,
    INPUT_ORDER,
    INPUT_LABEL,
    INPUT_TYPE,
    INPUT_HELP_INFO,
    INPUT_VALIDATION,
    DEFAULT_VALUE,
    REQUIRED_FLAG,
    SENSITIVE_FLAG,
    OVERRIDE_FLAG,
    OPTION_ID,
    SETUP_LINK_URI,
    SETUP_LINK_LABEL
  )
  VALUES
  (
    '3EB0E54E-7B97-475B-A610-3D245452741A',
    'PRODUCER_SFTP',
    'URI',
    10,
    'Folder Path',
    'text',
    'Path to "CD" to after connecting.',
    '.+',
    '.',
    1,
    0,
    0,
    NULL,
    '',
    ''
  );
INSERT
INTO
  SETUP_COMM_PARAMS
  (
    COMM_PARAM_ID,
    COMM_ID,
    PARAM_NAME,
    INPUT_ORDER,
    INPUT_LABEL,
    INPUT_TYPE,
    INPUT_HELP_INFO,
    INPUT_VALIDATION,
    DEFAULT_VALUE,
    REQUIRED_FLAG,
    SENSITIVE_FLAG,
    OVERRIDE_FLAG,
    OPTION_ID,
    SETUP_LINK_URI,
    SETUP_LINK_LABEL
  )
  VALUES
  (
    '83F0B17C-E773-40F5-98E2-B1363BA58615',
    'CONSUMER_SFTP',
    'Host',
    1,
    'Host',
    'text',
    'SFTP Server Host',
    '.+',
    '',
    1,
    0,
    0,
    NULL,
    '',
    ''
  );
INSERT
INTO
  SETUP_COMM_PARAMS
  (
    COMM_PARAM_ID,
    COMM_ID,
    PARAM_NAME,
    INPUT_ORDER,
    INPUT_LABEL,
    INPUT_TYPE,
    INPUT_HELP_INFO,
    INPUT_VALIDATION,
    DEFAULT_VALUE,
    REQUIRED_FLAG,
    SENSITIVE_FLAG,
    OVERRIDE_FLAG,
    OPTION_ID,
    SETUP_LINK_URI,
    SETUP_LINK_LABEL
  )
  VALUES
  (
    '2026BD65-AC69-4A20-BAF2-B4E16B0E6BFA',
    'CONSUMER_SFTP',
    'Port',
    2,
    'Port',
    'text',
    'SFTP Server Port',
    '^([0-9]{1,4}|[1-5][0-9]{4}|6[0-4][0-9]{3}|65[0-4][0-9]{2}|655[0-2][0-9]|6553[0-5])$'
    ,
    '22',
    1,
    0,
    0,
    NULL,
    '',
    ''
  );
INSERT
INTO
  SETUP_COMM_PARAMS
  (
    COMM_PARAM_ID,
    COMM_ID,
    PARAM_NAME,
    INPUT_ORDER,
    INPUT_LABEL,
    INPUT_TYPE,
    INPUT_HELP_INFO,
    INPUT_VALIDATION,
    DEFAULT_VALUE,
    REQUIRED_FLAG,
    SENSITIVE_FLAG,
    OVERRIDE_FLAG,
    OPTION_ID,
    SETUP_LINK_URI,
    SETUP_LINK_LABEL
  )
  VALUES
  (
    '59A9945E-FBB1-4969-91C9-FF59312F8F7F',
    'CONSUMER_SFTP',
    'AdapterName',
    3,
    'Adapter Name',
    'text',
    'SFTP Client Adapter Name',
    '.+',
    'OPTx_SFTP_Client_External',
    1,
    0,
    0,
    NULL,
    '',
    ''
  );
INSERT
INTO
  SETUP_COMM_PARAMS
  (
    COMM_PARAM_ID,
    COMM_ID,
    PARAM_NAME,
    INPUT_ORDER,
    INPUT_LABEL,
    INPUT_TYPE,
    INPUT_HELP_INFO,
    INPUT_VALIDATION,
    DEFAULT_VALUE,
    REQUIRED_FLAG,
    SENSITIVE_FLAG,
    OVERRIDE_FLAG,
    OPTION_ID,
    SETUP_LINK_URI,
    SETUP_LINK_LABEL
  )
  VALUES
  (
    '251072E7-1427-4026-9958-C69386408ABE',
    'CONSUMER_SFTP',
    'User',
    4,
    'User',
    'text',
    'User Name',
    '.+',
    '',
    1,
    0,
    0,
    NULL,
    '',
    ''
  );
INSERT
INTO
  SETUP_COMM_PARAMS
  (
    COMM_PARAM_ID,
    COMM_ID,
    PARAM_NAME,
    INPUT_ORDER,
    INPUT_LABEL,
    INPUT_TYPE,
    INPUT_HELP_INFO,
    INPUT_VALIDATION,
    DEFAULT_VALUE,
    REQUIRED_FLAG,
    SENSITIVE_FLAG,
    OVERRIDE_FLAG,
    OPTION_ID,
    SETUP_LINK_URI,
    SETUP_LINK_LABEL
  )
  VALUES
  (
    '44193933-EF9B-4216-BE43-0FD07F2E7826',
    'CONSUMER_SFTP',
    'Password',
    5,
    'Password',
    'text',
    'Password',
    '.+',
    '',
    0,
    1,
    0,
    NULL,
    '',
    ''
  );
INSERT
INTO
  SETUP_COMM_PARAMS
  (
    COMM_PARAM_ID,
    COMM_ID,
    PARAM_NAME,
    INPUT_ORDER,
    INPUT_LABEL,
    INPUT_TYPE,
    INPUT_HELP_INFO,
    INPUT_VALIDATION,
    DEFAULT_VALUE,
    REQUIRED_FLAG,
    SENSITIVE_FLAG,
    OVERRIDE_FLAG,
    OPTION_ID,
    SETUP_LINK_URI,
    SETUP_LINK_LABEL
  )
  VALUES
  (
    'B3285DA4-52FC-4695-8591-B30524843907',
    'CONSUMER_SFTP',
    'KnownHostKey',
    6,
    'Known Host Key',
    'text',
    'SFTP Known Host Key',
    '.+',
    '',
    1,
    0,
    0,
    NULL,
    '/ws/Page?next=page.remotehostkeysearch',
    'Check In'
  );
INSERT
INTO
  SETUP_COMM_PARAMS
  (
    COMM_PARAM_ID,
    COMM_ID,
    PARAM_NAME,
    INPUT_ORDER,
    INPUT_LABEL,
    INPUT_TYPE,
    INPUT_HELP_INFO,
    INPUT_VALIDATION,
    DEFAULT_VALUE,
    REQUIRED_FLAG,
    SENSITIVE_FLAG,
    OVERRIDE_FLAG,
    OPTION_ID,
    SETUP_LINK_URI,
    SETUP_LINK_LABEL
  )
  VALUES
  (
    '4CADA055-36C5-4518-832F-9C95C43B77D3',
    'CONSUMER_SFTP',
    'UserIdentKey',
    7,
    'User Identity Key',
    'text',
    'SFTP User Identity Key',
    '.+',
    '',
    0,
    0,
    0,
    NULL,
    '/ws/Page?next=page.localuserkeysearch',
    'Setup'
  );
INSERT
INTO
  SETUP_COMM_PARAMS
  (
    COMM_PARAM_ID,
    COMM_ID,
    PARAM_NAME,
    INPUT_ORDER,
    INPUT_LABEL,
    INPUT_TYPE,
    INPUT_HELP_INFO,
    INPUT_VALIDATION,
    DEFAULT_VALUE,
    REQUIRED_FLAG,
    SENSITIVE_FLAG,
    OVERRIDE_FLAG,
    OPTION_ID,
    SETUP_LINK_URI,
    SETUP_LINK_LABEL
  )
  VALUES
  (
    'BA5FF8DF-0228-4A2B-ADBB-9670E049FBF4',
    'CONSUMER_SFTP',
    'URI',
    8,
    'Folder Path',
    'text',
    'Path to "CD" to after connecting.',
    '.+',
    '.',
    1,
    0,
    1,
    NULL,
    '',
    ''
  );
INSERT
INTO
  SETUP_COMM_PARAMS
  (
    COMM_PARAM_ID,
    COMM_ID,
    PARAM_NAME,
    INPUT_ORDER,
    INPUT_LABEL,
    INPUT_TYPE,
    INPUT_HELP_INFO,
    INPUT_VALIDATION,
    DEFAULT_VALUE,
    REQUIRED_FLAG,
    SENSITIVE_FLAG,
    OVERRIDE_FLAG,
    OPTION_ID,
    SETUP_LINK_URI,
    SETUP_LINK_LABEL
  )
  VALUES
  (
    'A1E66BBE-DBA3-45CA-BA2B-FF7B855C775B',
    'PRODUCER_FSA',
    'CollectPath',
    1,
    'Collect Path',
    'text',
    'Full File System Collection Path',
    '.+',
    '',
    1,
    0,
    0,
    NULL,
    '',
    ''
  );
INSERT
INTO
  SETUP_COMM_PARAMS
  (
    COMM_PARAM_ID,
    COMM_ID,
    PARAM_NAME,
    INPUT_ORDER,
    INPUT_LABEL,
    INPUT_TYPE,
    INPUT_HELP_INFO,
    INPUT_VALIDATION,
    DEFAULT_VALUE,
    REQUIRED_FLAG,
    SENSITIVE_FLAG,
    OVERRIDE_FLAG,
    OPTION_ID,
    SETUP_LINK_URI,
    SETUP_LINK_LABEL
  )
  VALUES
  (
    'B6180A9F-18CE-491A-A784-F351244C5E9D',
    'PRODUCER_FSA',
    'FilterPattern',
    2,
    'Filter Pattern',
    'text',
    'File name pattern to collect',
    '.+',
    '*',
    1,
    0,
    0,
    NULL,
    '',
    ''
  );
INSERT
INTO
  SETUP_COMM_PARAMS
  (
    COMM_PARAM_ID,
    COMM_ID,
    PARAM_NAME,
    INPUT_ORDER,
    INPUT_LABEL,
    INPUT_TYPE,
    INPUT_HELP_INFO,
    INPUT_VALIDATION,
    DEFAULT_VALUE,
    REQUIRED_FLAG,
    SENSITIVE_FLAG,
    OVERRIDE_FLAG,
    OPTION_ID,
    SETUP_LINK_URI,
    SETUP_LINK_LABEL
  )
  VALUES
  (
    'F63DA605-C73D-497C-8261-FF6CD1D07790',
    'PRODUCER_FSA',
    'ProcessingType',
    3,
    'Delete After Collect',
    'radio',
    'Delete the file after collect?',
    '.+',
    'YES',
    1,
    0,
    0,
    'YESNO',
    '',
    ''
  );
INSERT
INTO
  SETUP_COMM_PARAMS
  (
    COMM_PARAM_ID,
    COMM_ID,
    PARAM_NAME,
    INPUT_ORDER,
    INPUT_LABEL,
    INPUT_TYPE,
    INPUT_HELP_INFO,
    INPUT_VALIDATION,
    DEFAULT_VALUE,
    REQUIRED_FLAG,
    SENSITIVE_FLAG,
    OVERRIDE_FLAG,
    OPTION_ID,
    SETUP_LINK_URI,
    SETUP_LINK_LABEL
  )
  VALUES
  (
    '47F0A672-95E1-4B2F-A42D-F75108BAED03',
    'CONSUMER_FSA',
    'ExtractPath',
    1,
    'Extract Path',
    'text',
    'Full File System Extract Path',
    '.+',
    '',
    1,
    0,
    1,
    NULL,
    '',
    ''
  );
INSERT
INTO
  SETUP_COMM_PARAMS
  (
    COMM_PARAM_ID,
    COMM_ID,
    PARAM_NAME,
    INPUT_ORDER,
    INPUT_LABEL,
    INPUT_TYPE,
    INPUT_HELP_INFO,
    INPUT_VALIDATION,
    DEFAULT_VALUE,
    REQUIRED_FLAG,
    SENSITIVE_FLAG,
    OVERRIDE_FLAG,
    OPTION_ID,
    SETUP_LINK_URI,
    SETUP_LINK_LABEL
  )
  VALUES
  (
    'F0310683-A06C-4BD8-A475-2F5B79000069',
    'PRODUCER_FTP',
    'Host',
    1,
    'Host',
    'text',
    'FTP Server Host',
    '.+',
    '',
    1,
    0,
    0,
    NULL,
    '',
    ''
  );
INSERT
INTO
  SETUP_COMM_PARAMS
  (
    COMM_PARAM_ID,
    COMM_ID,
    PARAM_NAME,
    INPUT_ORDER,
    INPUT_LABEL,
    INPUT_TYPE,
    INPUT_HELP_INFO,
    INPUT_VALIDATION,
    DEFAULT_VALUE,
    REQUIRED_FLAG,
    SENSITIVE_FLAG,
    OVERRIDE_FLAG,
    OPTION_ID,
    SETUP_LINK_URI,
    SETUP_LINK_LABEL
  )
  VALUES
  (
    'F525F6C4-C479-4BBD-A4D6-2B0E9D5DB642',
    'PRODUCER_FTP',
    'Port',
    2,
    'Port',
    'text',
    'FTP Server Port',
    '^([0-9]{1,4}|[1-5][0-9]{4}|6[0-4][0-9]{3}|65[0-4][0-9]{2}|655[0-2][0-9]|6553[0-5])$'
    ,
    '21',
    1,
    0,
    0,
    NULL,
    '',
    ''
  );
INSERT
INTO
  SETUP_COMM_PARAMS
  (
    COMM_PARAM_ID,
    COMM_ID,
    PARAM_NAME,
    INPUT_ORDER,
    INPUT_LABEL,
    INPUT_TYPE,
    INPUT_HELP_INFO,
    INPUT_VALIDATION,
    DEFAULT_VALUE,
    REQUIRED_FLAG,
    SENSITIVE_FLAG,
    OVERRIDE_FLAG,
    OPTION_ID,
    SETUP_LINK_URI,
    SETUP_LINK_LABEL
  )
  VALUES
  (
    '2E3358B1-A5BC-4603-8526-91FDB491BFF9',
    'PRODUCER_FTP',
    'AdapterName',
    3,
    'Adapter Name',
    'text',
    'FTP Client Adapter Name',
    '.+',
    'OPTx_FTP_Client_External',
    1,
    0,
    0,
    NULL,
    '',
    ''
  );
INSERT
INTO
  SETUP_COMM_PARAMS
  (
    COMM_PARAM_ID,
    COMM_ID,
    PARAM_NAME,
    INPUT_ORDER,
    INPUT_LABEL,
    INPUT_TYPE,
    INPUT_HELP_INFO,
    INPUT_VALIDATION,
    DEFAULT_VALUE,
    REQUIRED_FLAG,
    SENSITIVE_FLAG,
    OVERRIDE_FLAG,
    OPTION_ID,
    SETUP_LINK_URI,
    SETUP_LINK_LABEL
  )
  VALUES
  (
    '7E47F228-39DE-43E4-BC66-99B21D97F2BB',
    'PRODUCER_FTP',
    'User',
    4,
    'User',
    'text',
    'User Name',
    '.+',
    '',
    1,
    0,
    0,
    NULL,
    '',
    ''
  );
INSERT
INTO
  SETUP_COMM_PARAMS
  (
    COMM_PARAM_ID,
    COMM_ID,
    PARAM_NAME,
    INPUT_ORDER,
    INPUT_LABEL,
    INPUT_TYPE,
    INPUT_HELP_INFO,
    INPUT_VALIDATION,
    DEFAULT_VALUE,
    REQUIRED_FLAG,
    SENSITIVE_FLAG,
    OVERRIDE_FLAG,
    OPTION_ID,
    SETUP_LINK_URI,
    SETUP_LINK_LABEL
  )
  VALUES
  (
    'BCA62D81-FCE9-45BF-9702-414351F6A125',
    'PRODUCER_FTP',
    'Password',
    5,
    'Password',
    'text',
    'Password',
    '.+',
    '',
    1,
    1,
    0,
    NULL,
    '',
    ''
  );
INSERT
INTO
  SETUP_COMM_PARAMS
  (
    COMM_PARAM_ID,
    COMM_ID,
    PARAM_NAME,
    INPUT_ORDER,
    INPUT_LABEL,
    INPUT_TYPE,
    INPUT_HELP_INFO,
    INPUT_VALIDATION,
    DEFAULT_VALUE,
    REQUIRED_FLAG,
    SENSITIVE_FLAG,
    OVERRIDE_FLAG,
    OPTION_ID,
    SETUP_LINK_URI,
    SETUP_LINK_LABEL
  )
  VALUES
  (
    '36F77752-9CA2-4A98-B08F-2DEF6BAB0ABB',
    'PRODUCER_FTP',
    'FilterPattern',
    6,
    'Filter Pattern',
    'text',
    'File name pattern to collect',
    '.+',
    '*.*',
    1,
    0,
    0,
    NULL,
    '',
    ''
  );
INSERT
INTO
  SETUP_COMM_PARAMS
  (
    COMM_PARAM_ID,
    COMM_ID,
    PARAM_NAME,
    INPUT_ORDER,
    INPUT_LABEL,
    INPUT_TYPE,
    INPUT_HELP_INFO,
    INPUT_VALIDATION,
    DEFAULT_VALUE,
    REQUIRED_FLAG,
    SENSITIVE_FLAG,
    OVERRIDE_FLAG,
    OPTION_ID,
    SETUP_LINK_URI,
    SETUP_LINK_LABEL
  )
  VALUES
  (
    '5ADA7954-4567-4D20-8031-E4D3F4FB3FF0',
    'PRODUCER_FTP',
    'ProcessingType',
    7,
    'Delete After Collect',
    'radio',
    'Delete the file after collect?',
    '.+',
    'YES',
    1,
    0,
    0,
    'YESNO',
    '',
    ''
  );
INSERT
INTO
  SETUP_COMM_PARAMS
  (
    COMM_PARAM_ID,
    COMM_ID,
    PARAM_NAME,
    INPUT_ORDER,
    INPUT_LABEL,
    INPUT_TYPE,
    INPUT_HELP_INFO,
    INPUT_VALIDATION,
    DEFAULT_VALUE,
    REQUIRED_FLAG,
    SENSITIVE_FLAG,
    OVERRIDE_FLAG,
    OPTION_ID,
    SETUP_LINK_URI,
    SETUP_LINK_LABEL
  )
  VALUES
  (
    '910E068C-0C21-4C6B-B881-568D454D0BF0',
    'PRODUCER_FTP',
    'URI',
    8,
    'Folder Path',
    'text',
    'Path to "CD" to after connecting.',
    '.+',
    '.',
    1,
    0,
    0,
    NULL,
    '',
    ''
  );
INSERT
INTO
  SETUP_COMM_PARAMS
  (
    COMM_PARAM_ID,
    COMM_ID,
    PARAM_NAME,
    INPUT_ORDER,
    INPUT_LABEL,
    INPUT_TYPE,
    INPUT_HELP_INFO,
    INPUT_VALIDATION,
    DEFAULT_VALUE,
    REQUIRED_FLAG,
    SENSITIVE_FLAG,
    OVERRIDE_FLAG,
    OPTION_ID,
    SETUP_LINK_URI,
    SETUP_LINK_LABEL
  )
  VALUES
  (
    '887A5991-ECB3-409F-B38A-38FE8842AE3B',
    'PRODUCER_FTP',
    'ConnectionType',
    9,
    'Connection Type',
    'radio',
    'Active or Passive FTP',
    '.+',
    '',
    1,
    0,
    0,
    'ConnectionType',
    '',
    ''
  );
INSERT
INTO
  SETUP_COMM_PARAMS
  (
    COMM_PARAM_ID,
    COMM_ID,
    PARAM_NAME,
    INPUT_ORDER,
    INPUT_LABEL,
    INPUT_TYPE,
    INPUT_HELP_INFO,
    INPUT_VALIDATION,
    DEFAULT_VALUE,
    REQUIRED_FLAG,
    SENSITIVE_FLAG,
    OVERRIDE_FLAG,
    OPTION_ID,
    SETUP_LINK_URI,
    SETUP_LINK_LABEL
  )
  VALUES
  (
    '0B40EBB9-81E9-40FB-A341-169F0827578E',
    'CONSUMER_FTP',
    'Host',
    1,
    'Host',
    'text',
    'FTP Server Host',
    '.+',
    '',
    1,
    0,
    0,
    NULL,
    '',
    ''
  );
INSERT
INTO
  SETUP_COMM_PARAMS
  (
    COMM_PARAM_ID,
    COMM_ID,
    PARAM_NAME,
    INPUT_ORDER,
    INPUT_LABEL,
    INPUT_TYPE,
    INPUT_HELP_INFO,
    INPUT_VALIDATION,
    DEFAULT_VALUE,
    REQUIRED_FLAG,
    SENSITIVE_FLAG,
    OVERRIDE_FLAG,
    OPTION_ID,
    SETUP_LINK_URI,
    SETUP_LINK_LABEL
  )
  VALUES
  (
    'FBEB79DA-8CCE-4474-95F6-438EE215F77F',
    'CONSUMER_FTP',
    'Port',
    2,
    'Port',
    'text',
    'FTP Server Port',
    '^([0-9]{1,4}|[1-5][0-9]{4}|6[0-4][0-9]{3}|65[0-4][0-9]{2}|655[0-2][0-9]|6553[0-5])$'
    ,
    '21',
    1,
    0,
    0,
    NULL,
    '',
    ''
  );
INSERT
INTO
  SETUP_COMM_PARAMS
  (
    COMM_PARAM_ID,
    COMM_ID,
    PARAM_NAME,
    INPUT_ORDER,
    INPUT_LABEL,
    INPUT_TYPE,
    INPUT_HELP_INFO,
    INPUT_VALIDATION,
    DEFAULT_VALUE,
    REQUIRED_FLAG,
    SENSITIVE_FLAG,
    OVERRIDE_FLAG,
    OPTION_ID,
    SETUP_LINK_URI,
    SETUP_LINK_LABEL
  )
  VALUES
  (
    '389FE96A-7A5B-477C-856E-7477A7BAC604',
    'CONSUMER_FTP',
    'AdapterName',
    3,
    'Adapter Name',
    'text',
    'FTP Client Adapter Name',
    '.+',
    'OPTx_FTP_Client_External',
    1,
    0,
    0,
    NULL,
    '',
    ''
  );
INSERT
INTO
  SETUP_COMM_PARAMS
  (
    COMM_PARAM_ID,
    COMM_ID,
    PARAM_NAME,
    INPUT_ORDER,
    INPUT_LABEL,
    INPUT_TYPE,
    INPUT_HELP_INFO,
    INPUT_VALIDATION,
    DEFAULT_VALUE,
    REQUIRED_FLAG,
    SENSITIVE_FLAG,
    OVERRIDE_FLAG,
    OPTION_ID,
    SETUP_LINK_URI,
    SETUP_LINK_LABEL
  )
  VALUES
  (
    '2FB8ABC8-1D44-4239-BE1D-5038528AB0B3',
    'CONSUMER_FTP',
    'User',
    4,
    'User',
    'text',
    'User Name',
    '.+',
    '',
    1,
    0,
    0,
    NULL,
    '',
    ''
  );
INSERT
INTO
  SETUP_COMM_PARAMS
  (
    COMM_PARAM_ID,
    COMM_ID,
    PARAM_NAME,
    INPUT_ORDER,
    INPUT_LABEL,
    INPUT_TYPE,
    INPUT_HELP_INFO,
    INPUT_VALIDATION,
    DEFAULT_VALUE,
    REQUIRED_FLAG,
    SENSITIVE_FLAG,
    OVERRIDE_FLAG,
    OPTION_ID,
    SETUP_LINK_URI,
    SETUP_LINK_LABEL
  )
  VALUES
  (
    '3BCA4FEE-5AD4-4F93-BAC8-AF8CD539F08E',
    'CONSUMER_FTP',
    'Password',
    5,
    'Password',
    'text',
    'Password',
    '.+',
    '',
    1,
    1,
    0,
    NULL,
    '',
    ''
  );
INSERT
INTO
  SETUP_COMM_PARAMS
  (
    COMM_PARAM_ID,
    COMM_ID,
    PARAM_NAME,
    INPUT_ORDER,
    INPUT_LABEL,
    INPUT_TYPE,
    INPUT_HELP_INFO,
    INPUT_VALIDATION,
    DEFAULT_VALUE,
    REQUIRED_FLAG,
    SENSITIVE_FLAG,
    OVERRIDE_FLAG,
    OPTION_ID,
    SETUP_LINK_URI,
    SETUP_LINK_LABEL
  )
  VALUES
  (
    '999349A0-D285-4061-9017-9AA8C68ED089',
    'CONSUMER_FTP',
    'URI',
    6,
    'Folder Path',
    'text',
    'Path to "CD" to after connecting.',
    '.+',
    '.',
    1,
    0,
    1,
    NULL,
    '',
    ''
  );
INSERT
INTO
  SETUP_COMM_PARAMS
  (
    COMM_PARAM_ID,
    COMM_ID,
    PARAM_NAME,
    INPUT_ORDER,
    INPUT_LABEL,
    INPUT_TYPE,
    INPUT_HELP_INFO,
    INPUT_VALIDATION,
    DEFAULT_VALUE,
    REQUIRED_FLAG,
    SENSITIVE_FLAG,
    OVERRIDE_FLAG,
    OPTION_ID,
    SETUP_LINK_URI,
    SETUP_LINK_LABEL
  )
  VALUES
  (
    '0F46B7EF-637F-4DDA-9426-8AD5BA00A5F0',
    'CONSUMER_FTP',
    'PutMode',
    7,
    'Put Mode',
    'radio',
    'Overwrite or Append',
    '.+',
    '',
    1,
    0,
    0,
    'PutMode',
    '',
    ''
  );
INSERT
INTO
  SETUP_COMM_PARAMS
  (
    COMM_PARAM_ID,
    COMM_ID,
    PARAM_NAME,
    INPUT_ORDER,
    INPUT_LABEL,
    INPUT_TYPE,
    INPUT_HELP_INFO,
    INPUT_VALIDATION,
    DEFAULT_VALUE,
    REQUIRED_FLAG,
    SENSITIVE_FLAG,
    OVERRIDE_FLAG,
    OPTION_ID,
    SETUP_LINK_URI,
    SETUP_LINK_LABEL
  )
  VALUES
  (
    'DA92BAB9-D75F-4BC0-8FE0-CA56465780FC',
    'CONSUMER_FTP',
    'ConnectionType',
    8,
    'Connection Type',
    'radio',
    'Active or Passive FTP',
    '.+',
    '',
    1,
    0,
    0,
    'ConnectionType',
    '',
    ''
  );
INSERT
INTO
  SETUP_COMM_PARAMS
  (
    COMM_PARAM_ID,
    COMM_ID,
    PARAM_NAME,
    INPUT_ORDER,
    INPUT_LABEL,
    INPUT_TYPE,
    INPUT_HELP_INFO,
    INPUT_VALIDATION,
    DEFAULT_VALUE,
    REQUIRED_FLAG,
    SENSITIVE_FLAG,
    OVERRIDE_FLAG,
    OPTION_ID,
    SETUP_LINK_URI,
    SETUP_LINK_LABEL
  )
  VALUES
  (
    '4463D398-A950-4FA1-B913-5B8D2CA1AE45',
    'CONSUMER_HTTP',
    'Host',
    1,
    'Host',
    'text',
    'HTTP Server Host',
    '.+',
    '',
    1,
    0,
    0,
    NULL,
    '',
    ''
  );
INSERT
INTO
  SETUP_COMM_PARAMS
  (
    COMM_PARAM_ID,
    COMM_ID,
    PARAM_NAME,
    INPUT_ORDER,
    INPUT_LABEL,
    INPUT_TYPE,
    INPUT_HELP_INFO,
    INPUT_VALIDATION,
    DEFAULT_VALUE,
    REQUIRED_FLAG,
    SENSITIVE_FLAG,
    OVERRIDE_FLAG,
    OPTION_ID,
    SETUP_LINK_URI,
    SETUP_LINK_LABEL
  )
  VALUES
  (
    '3178C8B1-00DA-47FE-A01B-589A5C8BE9DA',
    'CONSUMER_HTTP',
    'Port',
    2,
    'Port',
    'text',
    'HTTP Server Port',
    '^([0-9]{1,4}|[1-5][0-9]{4}|6[0-4][0-9]{3}|65[0-4][0-9]{2}|655[0-2][0-9]|6553[0-5])$'
    ,
    '80',
    1,
    0,
    0,
    NULL,
    '',
    ''
  );
INSERT
INTO
  SETUP_COMM_PARAMS
  (
    COMM_PARAM_ID,
    COMM_ID,
    PARAM_NAME,
    INPUT_ORDER,
    INPUT_LABEL,
    INPUT_TYPE,
    INPUT_HELP_INFO,
    INPUT_VALIDATION,
    DEFAULT_VALUE,
    REQUIRED_FLAG,
    SENSITIVE_FLAG,
    OVERRIDE_FLAG,
    OPTION_ID,
    SETUP_LINK_URI,
    SETUP_LINK_LABEL
  )
  VALUES
  (
    '5E7FBAC1-DD0A-4FF1-B398-6D4E27EEFCE3',
    'CONSUMER_HTTP',
    'AdapterName',
    3,
    'AdapterName',
    'text',
    'HTTP Client Adapter Name',
    '.+',
    'OPTx_HTTP_Client_External',
    1,
    0,
    0,
    NULL,
    '',
    ''
  );
INSERT
INTO
  SETUP_COMM_PARAMS
  (
    COMM_PARAM_ID,
    COMM_ID,
    PARAM_NAME,
    INPUT_ORDER,
    INPUT_LABEL,
    INPUT_TYPE,
    INPUT_HELP_INFO,
    INPUT_VALIDATION,
    DEFAULT_VALUE,
    REQUIRED_FLAG,
    SENSITIVE_FLAG,
    OVERRIDE_FLAG,
    OPTION_ID,
    SETUP_LINK_URI,
    SETUP_LINK_LABEL
  )
  VALUES
  (
    '3C29C21E-87EF-4772-9859-B3B5169488E7',
    'CONSUMER_HTTP',
    'User',
    4,
    'User',
    'text',
    'User Name',
    '.+',
    '',
    1,
    0,
    0,
    NULL,
    '',
    ''
  );
INSERT
INTO
  SETUP_COMM_PARAMS
  (
    COMM_PARAM_ID,
    COMM_ID,
    PARAM_NAME,
    INPUT_ORDER,
    INPUT_LABEL,
    INPUT_TYPE,
    INPUT_HELP_INFO,
    INPUT_VALIDATION,
    DEFAULT_VALUE,
    REQUIRED_FLAG,
    SENSITIVE_FLAG,
    OVERRIDE_FLAG,
    OPTION_ID,
    SETUP_LINK_URI,
    SETUP_LINK_LABEL
  )
  VALUES
  (
    '8E045987-57D4-4220-A689-F5F4F6B3B4CC',
    'CONSUMER_HTTP',
    'Password',
    5,
    'Password',
    'text',
    'Password',
    '.+',
    '',
    1,
    1,
    0,
    NULL,
    '',
    ''
  );
INSERT
INTO
  SETUP_COMM_PARAMS
  (
    COMM_PARAM_ID,
    COMM_ID,
    PARAM_NAME,
    INPUT_ORDER,
    INPUT_LABEL,
    INPUT_TYPE,
    INPUT_HELP_INFO,
    INPUT_VALIDATION,
    DEFAULT_VALUE,
    REQUIRED_FLAG,
    SENSITIVE_FLAG,
    OVERRIDE_FLAG,
    OPTION_ID,
    SETUP_LINK_URI,
    SETUP_LINK_LABEL
  )
  VALUES
  (
    'DCBB2E3B-631E-4DBB-9A91-E4D3B93082A8',
    'CONSUMER_HTTP',
    'URI',
    6,
    'URI',
    'text',
    'URI to Post to.',
    '.+',
    '/',
    1,
    0,
    1,
    NULL,
    '',
    ''
  );
INSERT
INTO
  SETUP_COMM_PARAMS
  (
    COMM_PARAM_ID,
    COMM_ID,
    PARAM_NAME,
    INPUT_ORDER,
    INPUT_LABEL,
    INPUT_TYPE,
    INPUT_HELP_INFO,
    INPUT_VALIDATION,
    DEFAULT_VALUE,
    REQUIRED_FLAG,
    SENSITIVE_FLAG,
    OVERRIDE_FLAG,
    OPTION_ID,
    SETUP_LINK_URI,
    SETUP_LINK_LABEL
  )
  VALUES
  (
    '041D1121-4C40-42F0-8B58-57F21651B761',
    'CONSUMER_HTTP',
    'SSL_CHOICE',
    7,
    'SSL Choice',
    'radio',
    'Use SSL',
    '.+',
    '',
    1,
    0,
    0,
    'YESNO',
    '',
    ''
  );
INSERT
INTO
  SETUP_COMM_PARAMS
  (
    COMM_PARAM_ID,
    COMM_ID,
    PARAM_NAME,
    INPUT_ORDER,
    INPUT_LABEL,
    INPUT_TYPE,
    INPUT_HELP_INFO,
    INPUT_VALIDATION,
    DEFAULT_VALUE,
    REQUIRED_FLAG,
    SENSITIVE_FLAG,
    OVERRIDE_FLAG,
    OPTION_ID,
    SETUP_LINK_URI,
    SETUP_LINK_LABEL
  )
  VALUES
  (
    'AA0659D6-54C3-4550-B453-AAF65FDE8933',
    'CONSUMER_HTTP',
    'CA_CERT',
    8,
    'CA Certificate',
    'text',
    'Name of CA Certificate.',
    '.+',
    '',
    1,
    0,
    0,
    NULL,
    '',
    ''
  );
INSERT
INTO
  SETUP_COMM_PARAMS
  (
    COMM_PARAM_ID,
    COMM_ID,
    PARAM_NAME,
    INPUT_ORDER,
    INPUT_LABEL,
    INPUT_TYPE,
    INPUT_HELP_INFO,
    INPUT_VALIDATION,
    DEFAULT_VALUE,
    REQUIRED_FLAG,
    SENSITIVE_FLAG,
    OVERRIDE_FLAG,
    OPTION_ID,
    SETUP_LINK_URI,
    SETUP_LINK_LABEL
  )
  VALUES
  (
    '95A1AD7F-4D1F-4FE8-BA43-4FA87A092EBF',
    'CONSUMER_MQ',
    'Host',
    1,
    'Host',
    'text',
    'MQ Server Host',
    '.+',
    '',
    1,
    0,
    0,
    NULL,
    '',
    ''
  );
INSERT
INTO
  SETUP_COMM_PARAMS
  (
    COMM_PARAM_ID,
    COMM_ID,
    PARAM_NAME,
    INPUT_ORDER,
    INPUT_LABEL,
    INPUT_TYPE,
    INPUT_HELP_INFO,
    INPUT_VALIDATION,
    DEFAULT_VALUE,
    REQUIRED_FLAG,
    SENSITIVE_FLAG,
    OVERRIDE_FLAG,
    OPTION_ID,
    SETUP_LINK_URI,
    SETUP_LINK_LABEL
  )
  VALUES
  (
    'CCA3209C-D59F-4057-9AA6-F390D1527944',
    'CONSUMER_MQ',
    'Port',
    2,
    'Port',
    'text',
    'MQ Server Port',
    '^([0-9]{1,4}|[1-5][0-9]{4}|6[0-4][0-9]{3}|65[0-4][0-9]{2}|655[0-2][0-9]|6553[0-5])$'
    ,
    '1414',
    1,
    0,
    0,
    NULL,
    '',
    ''
  );
INSERT
INTO
  SETUP_COMM_PARAMS
  (
    COMM_PARAM_ID,
    COMM_ID,
    PARAM_NAME,
    INPUT_ORDER,
    INPUT_LABEL,
    INPUT_TYPE,
    INPUT_HELP_INFO,
    INPUT_VALIDATION,
    DEFAULT_VALUE,
    REQUIRED_FLAG,
    SENSITIVE_FLAG,
    OVERRIDE_FLAG,
    OPTION_ID,
    SETUP_LINK_URI,
    SETUP_LINK_LABEL
  )
  VALUES
  (
    '2B7D037E-CBC4-409C-8995-8AA095575356',
    'CONSUMER_MQ',
    'QMgr',
    3,
    'Queue Manager',
    'text',
    'MQ Queue Manager',
    '.+',
    '',
    1,
    0,
    0,
    NULL,
    '',
    ''
  );
INSERT
INTO
  SETUP_COMM_PARAMS
  (
    COMM_PARAM_ID,
    COMM_ID,
    PARAM_NAME,
    INPUT_ORDER,
    INPUT_LABEL,
    INPUT_TYPE,
    INPUT_HELP_INFO,
    INPUT_VALIDATION,
    DEFAULT_VALUE,
    REQUIRED_FLAG,
    SENSITIVE_FLAG,
    OVERRIDE_FLAG,
    OPTION_ID,
    SETUP_LINK_URI,
    SETUP_LINK_LABEL
  )
  VALUES
  (
    'A9593E85-17BC-4FEE-82BA-420A11FB1A4D',
    'CONSUMER_MQ',
    'Channel',
    4,
    'Channel',
    'text',
    'MQ Channel Name',
    '.+',
    'SYSTEM.DEF.SVRCONN',
    1,
    0,
    0,
    NULL,
    '',
    ''
  );
INSERT
INTO
  SETUP_COMM_PARAMS
  (
    COMM_PARAM_ID,
    COMM_ID,
    PARAM_NAME,
    INPUT_ORDER,
    INPUT_LABEL,
    INPUT_TYPE,
    INPUT_HELP_INFO,
    INPUT_VALIDATION,
    DEFAULT_VALUE,
    REQUIRED_FLAG,
    SENSITIVE_FLAG,
    OVERRIDE_FLAG,
    OPTION_ID,
    SETUP_LINK_URI,
    SETUP_LINK_LABEL
  )
  VALUES
  (
    '2039B074-26B3-4415-9016-6335BEB8EB8F',
    'CONSUMER_MQ',
    'QueueName',
    6,
    'QueueName',
    'text',
    'MQ Queue Name',
    '.+',
    '',
    1,
    0,
    1,
    NULL,
    '',
    ''
  );
INSERT
INTO
  SETUP_COMM_PARAMS
  (
    COMM_PARAM_ID,
    COMM_ID,
    PARAM_NAME,
    INPUT_ORDER,
    INPUT_LABEL,
    INPUT_TYPE,
    INPUT_HELP_INFO,
    INPUT_VALIDATION,
    DEFAULT_VALUE,
    REQUIRED_FLAG,
    SENSITIVE_FLAG,
    OVERRIDE_FLAG,
    OPTION_ID,
    SETUP_LINK_URI,
    SETUP_LINK_LABEL
  )
  VALUES
  (
    '63BE1E8F-D6C9-4401-9347-DF14A72CA302',
    'CONSUMER_MQ',
    'Password',
    7,
    'Password',
    'text',
    'Password',
    '.+',
    '',
    1,
    1,
    0,
    NULL,
    '',
    ''
  );
INSERT
INTO
  SETUP_COMM_PARAMS
  (
    COMM_PARAM_ID,
    COMM_ID,
    PARAM_NAME,
    INPUT_ORDER,
    INPUT_LABEL,
    INPUT_TYPE,
    INPUT_HELP_INFO,
    INPUT_VALIDATION,
    DEFAULT_VALUE,
    REQUIRED_FLAG,
    SENSITIVE_FLAG,
    OVERRIDE_FLAG,
    OPTION_ID,
    SETUP_LINK_URI,
    SETUP_LINK_LABEL
  )
  VALUES
  (
    '21AC9F65-C8FD-4CEF-A658-854CC5C48152',
    'CONSUMER_CD',
    'LocalCDNodeName',
    1,
    'Local CD Node Name',
    'text',
    'Local CD Node Name',
    '.+',
    '',
    1,
    0,
    0,
    NULL,
    '',
    ''
  );
INSERT
INTO
  SETUP_COMM_PARAMS
  (
    COMM_PARAM_ID,
    COMM_ID,
    PARAM_NAME,
    INPUT_ORDER,
    INPUT_LABEL,
    INPUT_TYPE,
    INPUT_HELP_INFO,
    INPUT_VALIDATION,
    DEFAULT_VALUE,
    REQUIRED_FLAG,
    SENSITIVE_FLAG,
    OVERRIDE_FLAG,
    OPTION_ID,
    SETUP_LINK_URI,
    SETUP_LINK_LABEL
  )
  VALUES
  (
    'F0098F92-0D1E-41D5-8FBC-DB9518AA04BD',
    'CONSUMER_CD',
    'RemoteCDNodeName',
    2,
    'Remote CD Node Name',
    'text',
    'Remote CD Node Name',
    '.+',
    '',
    1,
    0,
    0,
    NULL,
    '',
    ''
  );
INSERT
INTO
  SETUP_COMM_PARAMS
  (
    COMM_PARAM_ID,
    COMM_ID,
    PARAM_NAME,
    INPUT_ORDER,
    INPUT_LABEL,
    INPUT_TYPE,
    INPUT_HELP_INFO,
    INPUT_VALIDATION,
    DEFAULT_VALUE,
    REQUIRED_FLAG,
    SENSITIVE_FLAG,
    OVERRIDE_FLAG,
    OPTION_ID,
    SETUP_LINK_URI,
    SETUP_LINK_LABEL
  )
  VALUES
  (
    '8AC8A72B-39BC-4E0E-BAC8-B97E22DF1D34',
    'CONSUMER_CD',
    'RemoteUserId',
    3,
    'User',
    'text',
    'User Name',
    '.+',
    '',
    1,
    0,
    0,
    NULL,
    '',
    ''
  );
INSERT
INTO
  SETUP_COMM_PARAMS
  (
    COMM_PARAM_ID,
    COMM_ID,
    PARAM_NAME,
    INPUT_ORDER,
    INPUT_LABEL,
    INPUT_TYPE,
    INPUT_HELP_INFO,
    INPUT_VALIDATION,
    DEFAULT_VALUE,
    REQUIRED_FLAG,
    SENSITIVE_FLAG,
    OVERRIDE_FLAG,
    OPTION_ID,
    SETUP_LINK_URI,
    SETUP_LINK_LABEL
  )
  VALUES
  (
    'B6111F0C-A019-4583-9FB3-86E80300200A',
    'CONSUMER_CD',
    'RemotePasswd',
    4,
    'Password',
    'text',
    'Password',
    '.+',
    '',
    1,
    0,
    0,
    NULL,
    '',
    ''
  );
INSERT
INTO
  SETUP_COMM_PARAMS
  (
    COMM_PARAM_ID,
    COMM_ID,
    PARAM_NAME,
    INPUT_ORDER,
    INPUT_LABEL,
    INPUT_TYPE,
    INPUT_HELP_INFO,
    INPUT_VALIDATION,
    DEFAULT_VALUE,
    REQUIRED_FLAG,
    SENSITIVE_FLAG,
    OVERRIDE_FLAG,
    OPTION_ID,
    SETUP_LINK_URI,
    SETUP_LINK_LABEL
  )
  VALUES
  (
    '20427CF4-6ABA-4F0E-9D35-EC77630E58BD',
    'CONSUMER_CD',
    'TaskJob',
    5,
    'Task or Job',
    'radio',
    'Run Task or Job After Copy',
    '.+',
    '',
    1,
    0,
    1,
    'TaskJob',
    '',
    ''
  );
INSERT
INTO
  SETUP_COMM_PARAMS
  (
    COMM_PARAM_ID,
    COMM_ID,
    PARAM_NAME,
    INPUT_ORDER,
    INPUT_LABEL,
    INPUT_TYPE,
    INPUT_HELP_INFO,
    INPUT_VALIDATION,
    DEFAULT_VALUE,
    REQUIRED_FLAG,
    SENSITIVE_FLAG,
    OVERRIDE_FLAG,
    OPTION_ID,
    SETUP_LINK_URI,
    SETUP_LINK_LABEL
  )
  VALUES
  (
    '7B5196AD-FEB4-4EEB-AC16-BC1A9A929EFB',
    'CONSUMER_CD',
    'Program',
    6,
    'Program (Task Only)',
    'text',
    'Program',
    '.+',
    '',
    0,
    0,
    1,
    NULL,
    '',
    ''
  );
INSERT
INTO
  SETUP_COMM_PARAMS
  (
    COMM_PARAM_ID,
    COMM_ID,
    PARAM_NAME,
    INPUT_ORDER,
    INPUT_LABEL,
    INPUT_TYPE,
    INPUT_HELP_INFO,
    INPUT_VALIDATION,
    DEFAULT_VALUE,
    REQUIRED_FLAG,
    SENSITIVE_FLAG,
    OVERRIDE_FLAG,
    OPTION_ID,
    SETUP_LINK_URI,
    SETUP_LINK_LABEL
  )
  VALUES
  (
    '5AC0D7EF-0DD9-42AE-BFA1-D378FB742595',
    'CONSUMER_CD',
    'SystemOpts',
    7,
    'System Opts',
    'text',
    'System Opts',
    '.+',
    '',
    0,
    0,
    1,
    NULL,
    '',
    ''
  );
INSERT
INTO
  SETUP_COMM_PARAMS
  (
    COMM_PARAM_ID,
    COMM_ID,
    PARAM_NAME,
    INPUT_ORDER,
    INPUT_LABEL,
    INPUT_TYPE,
    INPUT_HELP_INFO,
    INPUT_VALIDATION,
    DEFAULT_VALUE,
    REQUIRED_FLAG,
    SENSITIVE_FLAG,
    OVERRIDE_FLAG,
    OPTION_ID,
    SETUP_LINK_URI,
    SETUP_LINK_LABEL
  )
  VALUES
  (
    '5AC0D7EF-0DD9-42AE-BFA1-D378FB742596',
    'CONSUMER_CD',
    'RemoteDeliveryPath',
    8,
    'Remote Delivery Path',
    'text',
    'Remote Delivery Path',
    '.+',
    '',
    0,
    0,
    1,
    NULL,
    '',
    ''
  ) ;
ALTER TABLE SETUP_COMM_PARAMS ADD CONSTRAINT SETUP_COMM_PARAMS_PK PRIMARY KEY (
COMM_PARAM_ID ) ;
ALTER TABLE SETUP_COMM_PARAMS ADD CONSTRAINT SCP_NAMES_UN UNIQUE ( COMM_ID ,
PARAM_NAME ) ;


CREATE
  TABLE SETUP_ENTITY_GROUPS
  (
    GROUP_ID   VARCHAR2 (200 CHAR) NOT NULL ,
    GROUP_NAME VARCHAR2 (200 CHAR) NOT NULL
  ) ;
INSERT
INTO
  SETUP_ENTITY_GROUPS
  (
    GROUP_ID,
    GROUP_NAME
  )
  VALUES
  (
    'ALL',
    'All Partners'
  ) ;
ALTER TABLE SETUP_ENTITY_GROUPS ADD CONSTRAINT SETUP_ENTITY_GROUPS_PK PRIMARY
KEY ( GROUP_ID ) ;
ALTER TABLE SETUP_ENTITY_GROUPS ADD CONSTRAINT SETUP_ENTITY_GROUPS_UN UNIQUE (
GROUP_NAME ) ;


CREATE
  TABLE SETUP_ENTITY_PARAMS
  (
    SETUP_ENTITY_PARAM_ID VARCHAR2 (200 CHAR) NOT NULL ,
    TAB_ID                VARCHAR2 (200 CHAR) NOT NULL ,
    PARAM_NAME            VARCHAR2 (200 CHAR) NOT NULL ,
    INPUT_ORDER           INTEGER NOT NULL ,
    INPUT_LABEL           VARCHAR2 (200 CHAR) ,
    INPUT_HELP_INFO       VARCHAR2 (200 CHAR) ,
    INPUT_TYPE            VARCHAR2 (200 CHAR) ,
    INPUT_VALIDATION      VARCHAR2 (200 CHAR) ,
    DEFAULT_VALUE         VARCHAR2 (200 CHAR) ,
    OPTION_ID             VARCHAR2 (200 CHAR) ,
    SENSITIVE_FLAG        INTEGER ,
    ON_GRID_FLAG          INTEGER ,
    PROTECTED_FLAG        INTEGER ,
    REQUIRED_FLAG         INTEGER ,
    AT_FLAG               INTEGER DEFAULT 0 ,
    AT_UPDATE_PARAM_ID    VARCHAR2 (200 CHAR) ,
    AT_GROUP_VALUE_ID     VARCHAR2 (200 CHAR)
  ) ;
INSERT
INTO
  SETUP_ENTITY_PARAMS
  (
    SETUP_ENTITY_PARAM_ID,
    TAB_ID,
    PARAM_NAME,
    INPUT_ORDER,
    INPUT_LABEL,
    INPUT_HELP_INFO,
    INPUT_TYPE,
    INPUT_VALIDATION,
    DEFAULT_VALUE,
    OPTION_ID,
    SENSITIVE_FLAG,
    ON_GRID_FLAG,
    PROTECTED_FLAG,
    REQUIRED_FLAG
  )
  VALUES
  (
    '36DAB37C-1AB4-4856-A4D5-A40EA30FA23F',
    'AccountSetupInfo',
    'First_Name',
    1,
    'Business Contact First Name',
    'Business Contact Name',
    'text',
    '.+',
    NULL,
    NULL,
    0,0,1,1
  );
INSERT
INTO
  SETUP_ENTITY_PARAMS
  (
    SETUP_ENTITY_PARAM_ID,
    TAB_ID,
    PARAM_NAME,
    INPUT_ORDER,
    INPUT_LABEL,
    INPUT_HELP_INFO,
    INPUT_TYPE,
    INPUT_VALIDATION,
    DEFAULT_VALUE,
    OPTION_ID,
    SENSITIVE_FLAG,
    ON_GRID_FLAG,
    PROTECTED_FLAG,
    REQUIRED_FLAG
  )
  VALUES
  (
    'EFCF6E49-0C2E-4539-92E6-78AEE247DAEF',
    'AccountSetupInfo',
    'Last_Name',
    2,
    'Business Contact Last Name',
    'Business Contact Last Name',
    'text',
    '.+',
    NULL,
    NULL,
    0,0,1,1
  );
INSERT
INTO
  SETUP_ENTITY_PARAMS
  (
    SETUP_ENTITY_PARAM_ID,
    TAB_ID,
    PARAM_NAME,
    INPUT_ORDER,
    INPUT_LABEL,
    INPUT_HELP_INFO,
    INPUT_TYPE,
    INPUT_VALIDATION,
    DEFAULT_VALUE,
    OPTION_ID,
    SENSITIVE_FLAG,
    ON_GRID_FLAG,
    PROTECTED_FLAG,
    REQUIRED_FLAG
  )
  VALUES
  (
    'BD1198B7-6FD4-4471-B028-09BDBA77F550',
    'AccountSetupInfo',
    'Phone',
    3,
    'Business Contact Phone #',
    'Business Contact Phone #',
    'text',
    '.+',
    NULL,
    NULL,
    0,0,1,1
  );
INSERT
INTO
  SETUP_ENTITY_PARAMS
  (
    SETUP_ENTITY_PARAM_ID,
    TAB_ID,
    PARAM_NAME,
    INPUT_ORDER,
    INPUT_LABEL,
    INPUT_HELP_INFO,
    INPUT_TYPE,
    INPUT_VALIDATION,
    DEFAULT_VALUE,
    OPTION_ID,
    SENSITIVE_FLAG,
    ON_GRID_FLAG,
    PROTECTED_FLAG,
    REQUIRED_FLAG
  )
  VALUES
  (
    '4E8BB364-80DB-476A-ABB4-19F58895845C',
    'AccountSetupInfo',
    'Email',
    4,
    'Business Contact Email',
    'Business Contact Email',
    'text',
    '.+',
    NULL,
    NULL,
    0,0,1,1
  );
INSERT
INTO
  SETUP_ENTITY_PARAMS
  (
    SETUP_ENTITY_PARAM_ID,
    TAB_ID,
    PARAM_NAME,
    INPUT_ORDER,
    INPUT_LABEL,
    INPUT_HELP_INFO,
    INPUT_TYPE,
    INPUT_VALIDATION,
    DEFAULT_VALUE,
    OPTION_ID,
    SENSITIVE_FLAG,
    ON_GRID_FLAG,
    PROTECTED_FLAG,
    REQUIRED_FLAG
  )
  VALUES
  (
    'EA318A69-9D06-49F8-A50D-FD0352028088',
    'AccountSetupInfo',
    'Password',
    5,
    'Account Password',
    'Password',
    'text',
    '.+',
    NULL,
    NULL,
    1,0,1,1
  );
INSERT
INTO
  SETUP_ENTITY_PARAMS
  (
    SETUP_ENTITY_PARAM_ID,
    TAB_ID,
    PARAM_NAME,
    INPUT_ORDER,
    INPUT_LABEL,
    INPUT_HELP_INFO,
    INPUT_TYPE,
    INPUT_VALIDATION,
    DEFAULT_VALUE,
    OPTION_ID,
    SENSITIVE_FLAG,
    ON_GRID_FLAG,
    PROTECTED_FLAG,
    REQUIRED_FLAG
  )
  VALUES
  (
    '68EDD8B2-3FDC-4AB2-834C-AACF5D736E26',
    'ContactInformation',
    'AddressLine1',
    6,
    'Address Line 1',
    'Address Line 1',
    'text',
    '.+',
    NULL,
    NULL,
    0,0,1,0
  );
INSERT
INTO
  SETUP_ENTITY_PARAMS
  (
    SETUP_ENTITY_PARAM_ID,
    TAB_ID,
    PARAM_NAME,
    INPUT_ORDER,
    INPUT_LABEL,
    INPUT_HELP_INFO,
    INPUT_TYPE,
    INPUT_VALIDATION,
    DEFAULT_VALUE,
    OPTION_ID,
    SENSITIVE_FLAG,
    ON_GRID_FLAG,
    PROTECTED_FLAG,
    REQUIRED_FLAG
  )
  VALUES
  (
    '2CE2BF44-CC25-45D8-BA02-39736C038FDC',
    'ContactInformation',
    'AddressLine2',
    7,
    'Address Line 2',
    'Address Line 2',
    'text',
    '.+',
    NULL,
    NULL,
    0,0,1,0
  );
INSERT
INTO
  SETUP_ENTITY_PARAMS
  (
    SETUP_ENTITY_PARAM_ID,
    TAB_ID,
    PARAM_NAME,
    INPUT_ORDER,
    INPUT_LABEL,
    INPUT_HELP_INFO,
    INPUT_TYPE,
    INPUT_VALIDATION,
    DEFAULT_VALUE,
    OPTION_ID,
    SENSITIVE_FLAG,
    ON_GRID_FLAG,
    PROTECTED_FLAG,
    REQUIRED_FLAG
  )
  VALUES
  (
    '9184612D-A7CB-4CD2-B9FE-97E7A7D1BAF1',
    'ContactInformation',
    'City',
    8,
    'City',
    'City',
    'text',
    '.+',
    NULL,
    NULL,
    0,0,1,0
  );
INSERT
INTO
  SETUP_ENTITY_PARAMS
  (
    SETUP_ENTITY_PARAM_ID,
    TAB_ID,
    PARAM_NAME,
    INPUT_ORDER,
    INPUT_LABEL,
    INPUT_HELP_INFO,
    INPUT_TYPE,
    INPUT_VALIDATION,
    DEFAULT_VALUE,
    OPTION_ID,
    SENSITIVE_FLAG,
    ON_GRID_FLAG,
    PROTECTED_FLAG,
    REQUIRED_FLAG
  )
  VALUES
  (
    '0E3B2D85-C6F5-405B-AF3A-B91AF931D9D4',
    'ContactInformation',
    'State',
    9,
    'State',
    'State',
    'text',
    '.+',
    NULL,
    NULL,
    0,0,1,0
  );
INSERT
INTO
  SETUP_ENTITY_PARAMS
  (
    SETUP_ENTITY_PARAM_ID,
    TAB_ID,
    PARAM_NAME,
    INPUT_ORDER,
    INPUT_LABEL,
    INPUT_HELP_INFO,
    INPUT_TYPE,
    INPUT_VALIDATION,
    DEFAULT_VALUE,
    OPTION_ID,
    SENSITIVE_FLAG,
    ON_GRID_FLAG,
    PROTECTED_FLAG,
    REQUIRED_FLAG
  )
  VALUES
  (
    '39E46B14-9AE2-41D1-AD94-83D38EB47D28',
    'ContactInformation',
    'Zip',
    10,
    'Zip',
    'Zip',
    'text',
    '.+',
    NULL,
    NULL,
    0,0,1,0
  );
INSERT
INTO
  SETUP_ENTITY_PARAMS
  (
    SETUP_ENTITY_PARAM_ID,
    TAB_ID,
    PARAM_NAME,
    INPUT_ORDER,
    INPUT_LABEL,
    INPUT_HELP_INFO,
    INPUT_TYPE,
    INPUT_VALIDATION,
    DEFAULT_VALUE,
    OPTION_ID,
    SENSITIVE_FLAG,
    ON_GRID_FLAG,
    PROTECTED_FLAG,
    REQUIRED_FLAG
  )
  VALUES
  (
    '9AEF6B2D-A956-4B67-AF17-07A63BAB0EF0',
    'ContactInformation',
    'Country',
    11,
    'Country',
    'Country',
    'text',
    '.+',
    NULL,
    NULL,
    0,0,0,0
  );
INSERT
INTO
  SETUP_ENTITY_PARAMS
  (
    SETUP_ENTITY_PARAM_ID,
    TAB_ID,
    PARAM_NAME,
    INPUT_ORDER,
    INPUT_LABEL,
    INPUT_HELP_INFO,
    INPUT_TYPE,
    INPUT_VALIDATION,
    DEFAULT_VALUE,
    OPTION_ID,
    SENSITIVE_FLAG,
    ON_GRID_FLAG,
    PROTECTED_FLAG,
    REQUIRED_FLAG
  )
  VALUES
  (
    '3ED54A15-C66E-47A8-A17E-0FF6ABCC9631',
    'ContactInformation',
    'CommTestingContactName',
    12,
    'Communication Testing Contact Name',
    'Communication Testing Contact Name',
    'text',
    '.+',
    NULL,
    NULL,
    0,0,0,0
  );
INSERT
INTO
  SETUP_ENTITY_PARAMS
  (
    SETUP_ENTITY_PARAM_ID,
    TAB_ID,
    PARAM_NAME,
    INPUT_ORDER,
    INPUT_LABEL,
    INPUT_HELP_INFO,
    INPUT_TYPE,
    INPUT_VALIDATION,
    DEFAULT_VALUE,
    OPTION_ID,
    SENSITIVE_FLAG,
    ON_GRID_FLAG,
    PROTECTED_FLAG,
    REQUIRED_FLAG
  )
  VALUES
  (
    '1D319C83-0FCB-4467-B2E3-64847DBF9072',
    'ContactInformation',
    'CommTestingPhoneNumber',
    13,
    'Communication Testing Phone Number',
    'Communication Testing Phone Number',
    'text',
    '.+',
    NULL,
    NULL,
    0,0,0,0
  );
INSERT
INTO
  SETUP_ENTITY_PARAMS
  (
    SETUP_ENTITY_PARAM_ID,
    TAB_ID,
    PARAM_NAME,
    INPUT_ORDER,
    INPUT_LABEL,
    INPUT_HELP_INFO,
    INPUT_TYPE,
    INPUT_VALIDATION,
    DEFAULT_VALUE,
    OPTION_ID,
    SENSITIVE_FLAG,
    ON_GRID_FLAG,
    PROTECTED_FLAG,
    REQUIRED_FLAG
  )
  VALUES
  (
    '47ED080C-F02E-46D2-B034-9674A6623C5F',
    'ContactInformation',
    'CommTestingContactEmail',
    14,
    'CommunicationTesting Contact Email',
    'CommunicationTesting Contact Email',
    'text',
    '.+',
    NULL,
    NULL,
    0,0,0,0
  );
INSERT
INTO
  SETUP_ENTITY_PARAMS
  (
    SETUP_ENTITY_PARAM_ID,
    TAB_ID,
    PARAM_NAME,
    INPUT_ORDER,
    INPUT_LABEL,
    INPUT_HELP_INFO,
    INPUT_TYPE,
    INPUT_VALIDATION,
    DEFAULT_VALUE,
    OPTION_ID,
    SENSITIVE_FLAG,
    ON_GRID_FLAG,
    PROTECTED_FLAG,
    REQUIRED_FLAG
  )
  VALUES
  (
    '92FFD774-F382-4FD2-A9BE-A765545466B8',
    'ContactInformation',
    'FileFormatTestingContactName',
    15,
    'File Format Testing Contact Name',
    'File Format Testing Contact Name',
    'text',
    '.+',
    NULL,
    NULL,
    0,0,0,0
  );
INSERT
INTO
  SETUP_ENTITY_PARAMS
  (
    SETUP_ENTITY_PARAM_ID,
    TAB_ID,
    PARAM_NAME,
    INPUT_ORDER,
    INPUT_LABEL,
    INPUT_HELP_INFO,
    INPUT_TYPE,
    INPUT_VALIDATION,
    DEFAULT_VALUE,
    OPTION_ID,
    SENSITIVE_FLAG,
    ON_GRID_FLAG,
    PROTECTED_FLAG,
    REQUIRED_FLAG
  )
  VALUES
  (
    'A94AA5EB-84F1-4EC0-8130-8696175EDFB6',
    'ContactInformation',
    'FileFormatTestingContactPhoneNumber',
    16,
    'File Format Testing Phone Number',
    'File Format Testing Phone Number',
    'text',
    '.+',
    NULL,
    NULL,
    0,0,0,0
  );
INSERT
INTO
  SETUP_ENTITY_PARAMS
  (
    SETUP_ENTITY_PARAM_ID,
    TAB_ID,
    PARAM_NAME,
    INPUT_ORDER,
    INPUT_LABEL,
    INPUT_HELP_INFO,
    INPUT_TYPE,
    INPUT_VALIDATION,
    DEFAULT_VALUE,
    OPTION_ID,
    SENSITIVE_FLAG,
    ON_GRID_FLAG,
    PROTECTED_FLAG,
    REQUIRED_FLAG
  )
  VALUES
  (
    '1FB5CAFC-923F-4697-80C5-87F0E44570DF',
    'ContactInformation',
    'FIleFormatTestingEmailAddress',
    17,
    'File Format Testing Email Address',
    'File Format Testing Email Address',
    'text',
    '.+',
    NULL,
    NULL,
    0,0,0,0
  );
INSERT
INTO
  SETUP_ENTITY_PARAMS
  (
    SETUP_ENTITY_PARAM_ID,
    TAB_ID,
    PARAM_NAME,
    INPUT_ORDER,
    INPUT_LABEL,
    INPUT_HELP_INFO,
    INPUT_TYPE,
    INPUT_VALIDATION,
    DEFAULT_VALUE,
    OPTION_ID,
    SENSITIVE_FLAG,
    ON_GRID_FLAG,
    PROTECTED_FLAG,
    REQUIRED_FLAG
  )
  VALUES
  (
    'CB1FCF61-1576-463E-A8D2-5249A2F4264F',
    'ContactInformation',
    'ProductionSupportContact',
    18,
    'Production Support Contact',
    'Production Support Contact',
    'text',
    '.+',
    NULL,
    NULL,
    0,0,0,0
  );
INSERT
INTO
  SETUP_ENTITY_PARAMS
  (
    SETUP_ENTITY_PARAM_ID,
    TAB_ID,
    PARAM_NAME,
    INPUT_ORDER,
    INPUT_LABEL,
    INPUT_HELP_INFO,
    INPUT_TYPE,
    INPUT_VALIDATION,
    DEFAULT_VALUE,
    OPTION_ID,
    SENSITIVE_FLAG,
    ON_GRID_FLAG,
    PROTECTED_FLAG,
    REQUIRED_FLAG
  )
  VALUES
  (
    'CE5CF44F-5A59-46AD-A4EE-0D4836AEFB98',
    'ContactInformation',
    'ProductionSupportPhoneNumber',
    19,
    'Production Support Phone Number',
    'Production Support Phone Number',
    'text',
    '.+',
    NULL,
    NULL,
    0,0,0,0
  );
INSERT
INTO
  SETUP_ENTITY_PARAMS
  (
    SETUP_ENTITY_PARAM_ID,
    TAB_ID,
    PARAM_NAME,
    INPUT_ORDER,
    INPUT_LABEL,
    INPUT_HELP_INFO,
    INPUT_TYPE,
    INPUT_VALIDATION,
    DEFAULT_VALUE,
    OPTION_ID,
    SENSITIVE_FLAG,
    ON_GRID_FLAG,
    PROTECTED_FLAG,
    REQUIRED_FLAG
  )
  VALUES
  (
    '7907792D-9D9B-4771-97DE-AB7D29EBEDAC',
    'ContactInformation',
    'ProductionSupportEmailAddress',
    20,
    'Production Support Email Address',
    'Production Support Email Address',
    'text',
    '.+',
    NULL,
    NULL,
    0,0,0,0
  );
INSERT
INTO
  SETUP_ENTITY_PARAMS
  (
    SETUP_ENTITY_PARAM_ID,
    TAB_ID,
    PARAM_NAME,
    INPUT_ORDER,
    INPUT_LABEL,
    INPUT_HELP_INFO,
    INPUT_TYPE,
    INPUT_VALIDATION,
    DEFAULT_VALUE,
    OPTION_ID,
    SENSITIVE_FLAG,
    ON_GRID_FLAG,
    PROTECTED_FLAG,
    REQUIRED_FLAG
  )
  VALUES
  (
    '68BC2632-F8C4-468F-BC52-4068AA4870AA',
    'TransmissionDetails',
    'Tracking_Number',
    21,
    'Tracking Number',
    'for future use',
    'text',
    '.+',
    NULL,
    NULL,
    0,0,0,0
  );
INSERT
INTO
  SETUP_ENTITY_PARAMS
  (
    SETUP_ENTITY_PARAM_ID,
    TAB_ID,
    PARAM_NAME,
    INPUT_ORDER,
    INPUT_LABEL,
    INPUT_HELP_INFO,
    INPUT_TYPE,
    INPUT_VALIDATION,
    DEFAULT_VALUE,
    OPTION_ID,
    SENSITIVE_FLAG,
    ON_GRID_FLAG,
    PROTECTED_FLAG,
    REQUIRED_FLAG
  )
  VALUES
  (
    '3D4EF6B8-94A0-4161-A70E-EF80ABF5A276',
    'TransmissionDetails',
    'Reference_ID',
    22,
    'Reference ID',
    'for future use',
    'text',
    '.+',
    NULL,
    NULL,
    0,0,0,0
  );
INSERT
INTO
  SETUP_ENTITY_PARAMS
  (
    SETUP_ENTITY_PARAM_ID,
    TAB_ID,
    PARAM_NAME,
    INPUT_ORDER,
    INPUT_LABEL,
    INPUT_HELP_INFO,
    INPUT_TYPE,
    INPUT_VALIDATION,
    DEFAULT_VALUE,
    OPTION_ID,
    SENSITIVE_FLAG,
    ON_GRID_FLAG,
    PROTECTED_FLAG,
    REQUIRED_FLAG
  )
  VALUES
  (
    '80FA716A-6B8B-48C2-8EBF-5D2105DE0A05',
    'TransmissionDetails',
    'Requested_Testing_Date',
    23,
    'Requested Testing Date',
    'Requested Testing Date',
    'date',
    '',
    NULL,
    NULL,
    0,0,0,0
  );
INSERT
INTO
  SETUP_ENTITY_PARAMS
  (
    SETUP_ENTITY_PARAM_ID,
    TAB_ID,
    PARAM_NAME,
    INPUT_ORDER,
    INPUT_LABEL,
    INPUT_HELP_INFO,
    INPUT_TYPE,
    INPUT_VALIDATION,
    DEFAULT_VALUE,
    OPTION_ID,
    SENSITIVE_FLAG,
    ON_GRID_FLAG,
    PROTECTED_FLAG,
    REQUIRED_FLAG
  )
  VALUES
  (
    'B4C74BD6-B486-45ED-A2BE-C68F12C3C566',
    'TransmissionDetails',
    'Requested_Production_Date',
    24,
    'Requested Production Date',
    'Requested Production Date',
    'date',
    '',
    NULL,
    NULL,
    0,0,0,0
  );
INSERT
INTO
  SETUP_ENTITY_PARAMS
  (
    SETUP_ENTITY_PARAM_ID,
    TAB_ID,
    PARAM_NAME,
    INPUT_ORDER,
    INPUT_LABEL,
    INPUT_HELP_INFO,
    INPUT_TYPE,
    INPUT_VALIDATION,
    DEFAULT_VALUE,
    OPTION_ID,
    SENSITIVE_FLAG,
    ON_GRID_FLAG,
    PROTECTED_FLAG,
    REQUIRED_FLAG
  )
  VALUES
  (
    '2DE809FC-5396-4161-B8D0-839EBB4895A3',
    'TransmissionDetails',
    'Transmission_Method',
    25,
    'Protocol/Transmission Method',
    'FTP, FTPs, SFTP, HTTPS, etc.',
    'text',
    '.+',
    NULL,
    NULL,
    0,0,0,0
  );
INSERT
INTO
  SETUP_ENTITY_PARAMS
  (
    SETUP_ENTITY_PARAM_ID,
    TAB_ID,
    PARAM_NAME,
    INPUT_ORDER,
    INPUT_LABEL,
    INPUT_HELP_INFO,
    INPUT_TYPE,
    INPUT_VALIDATION,
    DEFAULT_VALUE,
    OPTION_ID,
    SENSITIVE_FLAG,
    ON_GRID_FLAG,
    PROTECTED_FLAG,
    REQUIRED_FLAG
  )
  VALUES
  (
    'C679D66F-0A2E-49A9-AC55-3065546AC5C7',
    'TransmissionDetails',
    'Transmission_Direction',
    26,
    'Transmission Direction',
    'Inbound, Outbound, both',
    'text',
    '.+',
    NULL,
    NULL,
    0,0,0,0
  );
INSERT
INTO
  SETUP_ENTITY_PARAMS
  (
    SETUP_ENTITY_PARAM_ID,
    TAB_ID,
    PARAM_NAME,
    INPUT_ORDER,
    INPUT_LABEL,
    INPUT_HELP_INFO,
    INPUT_TYPE,
    INPUT_VALIDATION,
    DEFAULT_VALUE,
    OPTION_ID,
    SENSITIVE_FLAG,
    ON_GRID_FLAG,
    PROTECTED_FLAG,
    REQUIRED_FLAG
  )
  VALUES
  (
    '8486C507-2624-4FE9-B313-8D01EFE3DB9A',
    'TransmissionDetails',
    'Customer_Initiated',
    27,
    'Customer Initiated?',
    'select one',
    'radio',
    '',
    NULL,
    'YESNO',
    0,0,0,0
  );
INSERT
INTO
  SETUP_ENTITY_PARAMS
  (
    SETUP_ENTITY_PARAM_ID,
    TAB_ID,
    PARAM_NAME,
    INPUT_ORDER,
    INPUT_LABEL,
    INPUT_HELP_INFO,
    INPUT_TYPE,
    INPUT_VALIDATION,
    DEFAULT_VALUE,
    OPTION_ID,
    SENSITIVE_FLAG,
    ON_GRID_FLAG,
    PROTECTED_FLAG,
    REQUIRED_FLAG
  )
  VALUES
  (
    'B1552A70-F95C-4626-B2D7-C9237C0EFF7B',
    'TrackingInformation',
    'Assigned_To',
    28,
    'Assigned To:',
    'Customer Ambasador Assigned to this Partner',
    'text',
    '',
    NULL,
    NULL,
    0,0,0,0
  );
INSERT
INTO
  SETUP_ENTITY_PARAMS
  (
    SETUP_ENTITY_PARAM_ID,
    TAB_ID,
    PARAM_NAME,
    INPUT_ORDER,
    INPUT_LABEL,
    INPUT_HELP_INFO,
    INPUT_TYPE,
    INPUT_VALIDATION,
    DEFAULT_VALUE,
    OPTION_ID,
    SENSITIVE_FLAG,
    ON_GRID_FLAG,
    PROTECTED_FLAG,
    REQUIRED_FLAG
  )
  VALUES
  (
    '7C22660A-8268-4395-A5E0-8E902FDFFE43',
    'TrackingInformation',
    'Date_Assigned_CA',
    29,
    'Date Assigned to CA',
    'Date Assigned to CA',
    'date',
    '',
    NULL,
    NULL,
    0,0,0,0
  );
INSERT
INTO
  SETUP_ENTITY_PARAMS
  (
    SETUP_ENTITY_PARAM_ID,
    TAB_ID,
    PARAM_NAME,
    INPUT_ORDER,
    INPUT_LABEL,
    INPUT_HELP_INFO,
    INPUT_TYPE,
    INPUT_VALIDATION,
    DEFAULT_VALUE,
    OPTION_ID,
    SENSITIVE_FLAG,
    ON_GRID_FLAG,
    PROTECTED_FLAG,
    REQUIRED_FLAG
  )
  VALUES
  (
    '9C0C0EE8-F29A-4320-A530-55DC48024D90',
    'TrackingInformation',
    'Migration_Status',
    30,
    'Migration Status',
    'Identified, Configured, Tested, Promoted, Completed, Held',
    'radio',
    '',
    NULL,
    'Migration_Status',
    0,0,0,0
  );
INSERT
INTO
  SETUP_ENTITY_PARAMS
  (
    SETUP_ENTITY_PARAM_ID,
    TAB_ID,
    PARAM_NAME,
    INPUT_ORDER,
    INPUT_LABEL,
    INPUT_HELP_INFO,
    INPUT_TYPE,
    INPUT_VALIDATION,
    DEFAULT_VALUE,
    OPTION_ID,
    SENSITIVE_FLAG,
    ON_GRID_FLAG,
    PROTECTED_FLAG,
    REQUIRED_FLAG
  )
  VALUES
  (
    '255AF999-28EE-473D-88F0-CC824500B69D',
    'TrackingInformation',
    'Hold_Reason',
    31,
    'Hold Reason',
    'Hold Reason',
    'text',
    '.+',
    NULL,
    'Hold_Reason',
    0,0,0,0
  );
INSERT
INTO
  SETUP_ENTITY_PARAMS
  (
    SETUP_ENTITY_PARAM_ID,
    TAB_ID,
    PARAM_NAME,
    INPUT_ORDER,
    INPUT_LABEL,
    INPUT_HELP_INFO,
    INPUT_TYPE,
    INPUT_VALIDATION,
    DEFAULT_VALUE,
    OPTION_ID,
    SENSITIVE_FLAG,
    ON_GRID_FLAG,
    PROTECTED_FLAG,
    REQUIRED_FLAG
  )
  VALUES
  (
    '4BE9B803-1E6E-4F13-82B2-0C41CD1A3FF9',
    'TrackingInformation',
    'Wave',
    32,
    'Wave',
    'Wave',
    'radio',
    '',
    NULL,
    'Wave',
    0,0,0,0
  );
INSERT
INTO
  SETUP_ENTITY_PARAMS
  (
    SETUP_ENTITY_PARAM_ID,
    TAB_ID,
    PARAM_NAME,
    INPUT_ORDER,
    INPUT_LABEL,
    INPUT_HELP_INFO,
    INPUT_TYPE,
    INPUT_VALIDATION,
    DEFAULT_VALUE,
    OPTION_ID,
    SENSITIVE_FLAG,
    ON_GRID_FLAG,
    PROTECTED_FLAG,
    REQUIRED_FLAG
  )
  VALUES
  (
    '46CF01AC-C327-49F0-9ED5-065C65BC5CDC',
    'TrackingInformation',
    'Partner_Added',
    33,
    'Partner Added',
    'Status of Partner Add',
    'radio',
    '',
    NULL,
    'Partner_Added',
    0,0,0,0
  );
INSERT
INTO
  SETUP_ENTITY_PARAMS
  (
    SETUP_ENTITY_PARAM_ID,
    TAB_ID,
    PARAM_NAME,
    INPUT_ORDER,
    INPUT_LABEL,
    INPUT_HELP_INFO,
    INPUT_TYPE,
    INPUT_VALIDATION,
    DEFAULT_VALUE,
    OPTION_ID,
    SENSITIVE_FLAG,
    ON_GRID_FLAG,
    PROTECTED_FLAG,
    REQUIRED_FLAG
  )
  VALUES
  (
    '3FC0F352-FFDE-41DD-A303-BBEF51B2070A',
    'TrackingInformation',
    'Partner_Contacted',
    34,
    'Partner Contacted',
    'Status of Partner Contact',
    'radio',
    '',
    NULL,
    'Partner_Contacted',
    0,0,0,0
  );
INSERT
INTO
  SETUP_ENTITY_PARAMS
  (
    SETUP_ENTITY_PARAM_ID,
    TAB_ID,
    PARAM_NAME,
    INPUT_ORDER,
    INPUT_LABEL,
    INPUT_HELP_INFO,
    INPUT_TYPE,
    INPUT_VALIDATION,
    DEFAULT_VALUE,
    OPTION_ID,
    SENSITIVE_FLAG,
    ON_GRID_FLAG,
    PROTECTED_FLAG,
    REQUIRED_FLAG
  )
  VALUES
  (
    '023ED97F-7EF4-444A-8816-CDA6BC50CF46',
    'TrackingInformation',
    'Welcome_Packet_Sent',
    35,
    'Welcome Packet Sent',
    'Status of Welcome Packet',
    'radio',
    '',
    NULL,
    'Welcome_Packet_Sent',
    0,0,0,0
  );
INSERT
INTO
  SETUP_ENTITY_PARAMS
  (
    SETUP_ENTITY_PARAM_ID,
    TAB_ID,
    PARAM_NAME,
    INPUT_ORDER,
    INPUT_LABEL,
    INPUT_HELP_INFO,
    INPUT_TYPE,
    INPUT_VALIDATION,
    DEFAULT_VALUE,
    OPTION_ID,
    SENSITIVE_FLAG,
    ON_GRID_FLAG,
    PROTECTED_FLAG,
    REQUIRED_FLAG
  )
  VALUES
  (
    '69A6E558-BAF5-42A4-A0C4-F77E7D00E091',
    'TrackingInformation',
    'Communications_Setup',
    36,
    'Communications Setup',
    'Status of Communications Setup',
    'radio',
    '',
    NULL,
    'Communications_Setup',
    0,0,0,0
  );
INSERT
INTO
  SETUP_ENTITY_PARAMS
  (
    SETUP_ENTITY_PARAM_ID,
    TAB_ID,
    PARAM_NAME,
    INPUT_ORDER,
    INPUT_LABEL,
    INPUT_HELP_INFO,
    INPUT_TYPE,
    INPUT_VALIDATION,
    DEFAULT_VALUE,
    OPTION_ID,
    SENSITIVE_FLAG,
    ON_GRID_FLAG,
    PROTECTED_FLAG,
    REQUIRED_FLAG
  )
  VALUES
  (
    'AE91CD8A-250D-4BC2-9630-C35DFBD057F7',
    'TrackingInformation',
    'LDAP_Setup',
    37,
    'Lightweight Directory Access Protocol (LDAP) Setup',
    'Lightweight Directory Access Protocol Setup',
    'radio',
    '',
    NULL,
    'LDAP_Setup',
    0,0,0,0
  );
INSERT
INTO
  SETUP_ENTITY_PARAMS
  (
    SETUP_ENTITY_PARAM_ID,
    TAB_ID,
    PARAM_NAME,
    INPUT_ORDER,
    INPUT_LABEL,
    INPUT_HELP_INFO,
    INPUT_TYPE,
    INPUT_VALIDATION,
    DEFAULT_VALUE,
    OPTION_ID,
    SENSITIVE_FLAG,
    ON_GRID_FLAG,
    PROTECTED_FLAG,
    REQUIRED_FLAG
  )
  VALUES
  (
    '90D4EBBD-B02A-4A42-9823-9AE471CC9614',
    'TrackingInformation',
    'Firewall_Configured',
    38,
    'Local Firewall Configured',
    'Status of Local Firewall Configuration',
    'radio',
    '',
    NULL,
    'Firewall_Configured',
    0,0,0,0
  );
INSERT
INTO
  SETUP_ENTITY_PARAMS
  (
    SETUP_ENTITY_PARAM_ID,
    TAB_ID,
    PARAM_NAME,
    INPUT_ORDER,
    INPUT_LABEL,
    INPUT_HELP_INFO,
    INPUT_TYPE,
    INPUT_VALIDATION,
    DEFAULT_VALUE,
    OPTION_ID,
    SENSITIVE_FLAG,
    ON_GRID_FLAG,
    PROTECTED_FLAG,
    REQUIRED_FLAG
  )
  VALUES
  (
    'B55A776D-0B9D-4D53-ADE0-4D3E362C6FF1',
    'TrackingInformation',
    'Customer_Firewall_Configured',
    39,
    'Customer/Remote Firewall Configured',
    'Status of Customer/Remote Firewall',
    'radio',
    '',
    NULL,
    'Customer_Firewall_Configured',
    0,0,0,0
  );
INSERT
INTO
  SETUP_ENTITY_PARAMS
  (
    SETUP_ENTITY_PARAM_ID,
    TAB_ID,
    PARAM_NAME,
    INPUT_ORDER,
    INPUT_LABEL,
    INPUT_HELP_INFO,
    INPUT_TYPE,
    INPUT_VALIDATION,
    DEFAULT_VALUE,
    OPTION_ID,
    SENSITIVE_FLAG,
    ON_GRID_FLAG,
    PROTECTED_FLAG,
    REQUIRED_FLAG
  )
  VALUES
  (
    'E1FBE467-0254-42E9-B77E-CF5D1B3F35E3',
    'TrackingInformation',
    'Authentication_Certificate_Created',
    40,
    'Authentication Certificate Created',
    'Status of Authentication Certificate',
    'radio',
    '',
    NULL,
    'Authentication_Certificate_Created',
    0,0,0,0
  );
INSERT
INTO
  SETUP_ENTITY_PARAMS
  (
    SETUP_ENTITY_PARAM_ID,
    TAB_ID,
    PARAM_NAME,
    INPUT_ORDER,
    INPUT_LABEL,
    INPUT_HELP_INFO,
    INPUT_TYPE,
    INPUT_VALIDATION,
    DEFAULT_VALUE,
    OPTION_ID,
    SENSITIVE_FLAG,
    ON_GRID_FLAG,
    PROTECTED_FLAG,
    REQUIRED_FLAG
  )
  VALUES
  (
    'B7BD2D66-AD86-491F-A60B-7AF601E1F809',
    'TrackingInformation',
    'Encryption_Certificate_Created',
    41,
    'Encryption Certificate Created',
    'Status of Encryption Certificate',
    'radio',
    '',
    NULL,
    'Encryption_Certificate_Created',
    0,0,0,0
  );
INSERT
INTO
  SETUP_ENTITY_PARAMS
  (
    SETUP_ENTITY_PARAM_ID,
    TAB_ID,
    PARAM_NAME,
    INPUT_ORDER,
    INPUT_LABEL,
    INPUT_HELP_INFO,
    INPUT_TYPE,
    INPUT_VALIDATION,
    DEFAULT_VALUE,
    OPTION_ID,
    SENSITIVE_FLAG,
    ON_GRID_FLAG,
    PROTECTED_FLAG,
    REQUIRED_FLAG
  )
  VALUES
  (
    '7D79BADE-8264-41FD-8131-52B1CB201CEA',
    'TrackingInformation',
    'User_Account_Password_Created',
    42,
    'User Account/Password Created',
    'Status of User Account/Password',
    'radio',
    '',
    NULL,
    'User_Account_Password_Created',
    0,0,0,0
  );
INSERT
INTO
  SETUP_ENTITY_PARAMS
  (
    SETUP_ENTITY_PARAM_ID,
    TAB_ID,
    PARAM_NAME,
    INPUT_ORDER,
    INPUT_LABEL,
    INPUT_HELP_INFO,
    INPUT_TYPE,
    INPUT_VALIDATION,
    DEFAULT_VALUE,
    OPTION_ID,
    SENSITIVE_FLAG,
    ON_GRID_FLAG,
    PROTECTED_FLAG,
    REQUIRED_FLAG
  )
  VALUES
  (
    '2B643E2A-6BFF-420C-97E9-518BA04F60DC',
    'TrackingInformation',
    'QA_Communications_Testing',
    43,
    'QA Communications Testing',
    'Status of QA Communications Testing',
    'radio',
    '',
    NULL,
    'QA_Communications_Testing',
    0,0,0,0
  );
INSERT
INTO
  SETUP_ENTITY_PARAMS
  (
    SETUP_ENTITY_PARAM_ID,
    TAB_ID,
    PARAM_NAME,
    INPUT_ORDER,
    INPUT_LABEL,
    INPUT_HELP_INFO,
    INPUT_TYPE,
    INPUT_VALIDATION,
    DEFAULT_VALUE,
    OPTION_ID,
    SENSITIVE_FLAG,
    ON_GRID_FLAG,
    PROTECTED_FLAG,
    REQUIRED_FLAG
  )
  VALUES
  (
    'DCE8A60E-21BA-4214-9C14-B998DE81F59C',
    'TrackingInformation',
    'QA_Data_Format',
    44,
    'QA Data Format tests',
    'Status of QA DataFormat Tests',
    'radio',
    '',
    NULL,
    'QA_Data_Format',
    0,0,0,0
  );
INSERT
INTO
  SETUP_ENTITY_PARAMS
  (
    SETUP_ENTITY_PARAM_ID,
    TAB_ID,
    PARAM_NAME,
    INPUT_ORDER,
    INPUT_LABEL,
    INPUT_HELP_INFO,
    INPUT_TYPE,
    INPUT_VALIDATION,
    DEFAULT_VALUE,
    OPTION_ID,
    SENSITIVE_FLAG,
    ON_GRID_FLAG,
    PROTECTED_FLAG,
    REQUIRED_FLAG
  )
  VALUES
  (
    '27526CFB-2517-4980-A684-53EC83A2FB3F',
    'TrackingInformation',
    'Production_Configured',
    45,
    'Production Configuration',
    'Status of Production Configuration',
    'radio',
    '',
    NULL,
    'Production_Configured',
    0,0,0,0
  );
INSERT
INTO
  SETUP_ENTITY_PARAMS
  (
    SETUP_ENTITY_PARAM_ID,
    TAB_ID,
    PARAM_NAME,
    INPUT_ORDER,
    INPUT_LABEL,
    INPUT_HELP_INFO,
    INPUT_TYPE,
    INPUT_VALIDATION,
    DEFAULT_VALUE,
    OPTION_ID,
    SENSITIVE_FLAG,
    ON_GRID_FLAG,
    PROTECTED_FLAG,
    REQUIRED_FLAG
  )
  VALUES
  (
    '1B99044B-3D8B-465A-AA7F-2DA188FB753D',
    'TrackingInformation',
    'Production_Published',
    46,
    'Production Publication',
    'Status of Production Publication',
    'radio',
    '',
    NULL,
    'Production_Published',
    0,0,0,0
  );
INSERT
INTO
  SETUP_ENTITY_PARAMS
  (
    SETUP_ENTITY_PARAM_ID,
    TAB_ID,
    PARAM_NAME,
    INPUT_ORDER,
    INPUT_LABEL,
    INPUT_HELP_INFO,
    INPUT_TYPE,
    INPUT_VALIDATION,
    DEFAULT_VALUE,
    OPTION_ID,
    SENSITIVE_FLAG,
    ON_GRID_FLAG,
    PROTECTED_FLAG,
    REQUIRED_FLAG
  )
  VALUES
  (
    '68912FA7-841F-4726-ACCD-9B2153F65F7F',
    'TrackingInformation',
    'Production_Communications_Tested',
    47,
    'Production Communications Tested',
    'Status of Production Communications Testing',
    'radio',
    '',
    NULL,
    'Production_Communications_Tested',
    0,0,0,0
  );
INSERT
INTO
  SETUP_ENTITY_PARAMS
  (
    SETUP_ENTITY_PARAM_ID,
    TAB_ID,
    PARAM_NAME,
    INPUT_ORDER,
    INPUT_LABEL,
    INPUT_HELP_INFO,
    INPUT_TYPE,
    INPUT_VALIDATION,
    DEFAULT_VALUE,
    OPTION_ID,
    SENSITIVE_FLAG,
    ON_GRID_FLAG,
    PROTECTED_FLAG,
    REQUIRED_FLAG
  )
  VALUES
  (
    '16646666-C776-419D-8119-B64D7832B2BC',
    'TrackingInformation',
    'Live_File_Received',
    48,
    'Live File Received',
    'Status of Live File Reception',
    'radio',
    '',
    NULL,
    'Live_File_Received',
    0,0,0,0
  ) ;
ALTER TABLE SETUP_ENTITY_PARAMS ADD CONSTRAINT SETUP_ENTITY_PARAMS_PK PRIMARY
KEY ( SETUP_ENTITY_PARAM_ID ) ;
ALTER TABLE SETUP_ENTITY_PARAMS ADD CONSTRAINT SETUP_ENTITY_PARAMS_NAME_UN
UNIQUE ( PARAM_NAME ) ;
ALTER TABLE SETUP_ENTITY_PARAMS ADD CONSTRAINT SETUP_ENTITY_PARAMS_ORDER_UN
UNIQUE ( INPUT_ORDER ) ;


CREATE
  TABLE SETUP_ENTITY_PARAM_TABS
  (
    TAB_ID    VARCHAR2 (200 CHAR) NOT NULL ,
    TAB_NAME  VARCHAR2 (200 CHAR) NOT NULL ,
    ORDER_NUM INTEGER NOT NULL
  ) ;
INSERT
INTO
  SETUP_ENTITY_PARAM_TABS
  (
    TAB_ID,
    TAB_NAME,
    ORDER_NUM
  )
  VALUES
  (
    'AccountSetupInfo',
    'Account Setup Info',
    1
  );
INSERT
INTO
  SETUP_ENTITY_PARAM_TABS
  (
    TAB_ID,
    TAB_NAME,
    ORDER_NUM
  )
  VALUES
  (
    'ContactInformation',
    'Contact Information',
    2
  );
INSERT
INTO
  SETUP_ENTITY_PARAM_TABS
  (
    TAB_ID,
    TAB_NAME,
    ORDER_NUM
  )
  VALUES
  (
    'TransmissionDetails',
    'Transmission Details',
    3
  );
INSERT
INTO
  SETUP_ENTITY_PARAM_TABS
  (
    TAB_ID,
    TAB_NAME,
    ORDER_NUM
  )
  VALUES
  (
    'TrackingInformation',
    'Tracking Information',
    4
  ) ;
ALTER TABLE SETUP_ENTITY_PARAM_TABS ADD CONSTRAINT SETUP_ENTITY_PARAM_TABS_PK
PRIMARY KEY ( TAB_ID ) ;


CREATE
  TABLE SETUP_FLOW_PARAMS
  (
    SETUP_FLOW_PARAM_ID VARCHAR2 (200 CHAR) NOT NULL ,
    TAB_ID              VARCHAR2 (200 CHAR) NOT NULL ,
    PARAM_NAME          VARCHAR2 (200 CHAR) NOT NULL ,
    INPUT_ORDER         INTEGER NOT NULL ,
    INPUT_LABEL         VARCHAR2 (200 CHAR) ,
    INPUT_HELP_INFO     VARCHAR2 (200 CHAR) ,
    INPUT_TYPE          VARCHAR2 (200 CHAR) ,
    INPUT_VALIDATION    VARCHAR2 (200 CHAR) ,
    DEFAULT_VALUE       VARCHAR2 (200 CHAR) ,
    OPTION_ID           VARCHAR2 (200 CHAR) ,
    SENSITIVE_FLAG      INTEGER ,
    ON_GRID_FLAG        INTEGER ,
    REQUIRED_FLAG       INTEGER ,
    AT_FLAG             INTEGER DEFAULT 0 ,
    AT_UPDATE_PARAM_ID  VARCHAR2 (200 CHAR) ,
    AT_GROUP_VALUE_ID   VARCHAR2 (200 CHAR)
  ) ;
ALTER TABLE SETUP_FLOW_PARAMS ADD CONSTRAINT SETUP_FLOW_PARAMS_PK PRIMARY KEY (
SETUP_FLOW_PARAM_ID ) ;
ALTER TABLE SETUP_FLOW_PARAMS ADD CONSTRAINT SETUP_FLOW_PARAMS_UN UNIQUE (
PARAM_NAME , INPUT_ORDER ) ;


CREATE
  TABLE SETUP_FLOW_PARAM_TABS
  (
    TAB_ID    VARCHAR2 (200 CHAR) NOT NULL ,
    TAB_NAME  VARCHAR2 (200 CHAR) NOT NULL ,
    ORDER_NUM INTEGER NOT NULL
  ) ;
ALTER TABLE SETUP_FLOW_PARAM_TABS ADD CONSTRAINT SETUP_FLOW_PARAM_TABS_PK
PRIMARY KEY ( TAB_ID ) ;


CREATE
  TABLE SETUP_OPTION_VALUES
  (
    OPTION_VALUE_ID    VARCHAR2 (200 CHAR) NOT NULL ,
    OPTION_ID          VARCHAR2 (200 CHAR) NOT NULL ,
    DISPLAY_LABEL      VARCHAR2 (200 CHAR) NOT NULL ,
    VALUE              VARCHAR2 (200 CHAR) NOT NULL ,
    DEFAULT_FLAG       INTEGER DEFAULT 0 NOT NULL ,
    TRIGGER_ALERT      INTEGER DEFAULT 0 NOT NULL ,
    TRIGGER_ACTIONABLE INTEGER DEFAULT 0 NOT NULL ,
    TRIGGER_ACTION     VARCHAR2 (400 CHAR) ,
    DISPLAY_ORDER      INTEGER DEFAULT 0
  ) ;
INSERT
INTO
  SETUP_OPTION_VALUES
  (
    OPTION_VALUE_ID,
    OPTION_ID,
    DISPLAY_LABEL,
    VALUE,
    DEFAULT_FLAG,
    TRIGGER_ALERT,
    TRIGGER_ACTIONABLE,
    TRIGGER_ACTION,
    DISPLAY_ORDER
  )
  VALUES
  (
    '26E233DF-3EB1-4E8B-B729-EAA470E5CFF6',
    'ConnectionType',
    'Passive',
    'PASSIVE',
    1,0,0,
    NULL,
    1
  );
INSERT
INTO
  SETUP_OPTION_VALUES
  (
    OPTION_VALUE_ID,
    OPTION_ID,
    DISPLAY_LABEL,
    VALUE,
    DEFAULT_FLAG,
    TRIGGER_ALERT,
    TRIGGER_ACTIONABLE,
    TRIGGER_ACTION,
    DISPLAY_ORDER
  )
  VALUES
  (
    'BAA94618-6FFA-4CFC-845C-3F044672DD0E',
    'ConnectionType',
    'Active',
    'ACTIVE',
    0,0,0,
    NULL,
    2
  );
INSERT
INTO
  SETUP_OPTION_VALUES
  (
    OPTION_VALUE_ID,
    OPTION_ID,
    DISPLAY_LABEL,
    VALUE,
    DEFAULT_FLAG,
    TRIGGER_ALERT,
    TRIGGER_ACTIONABLE,
    TRIGGER_ACTION,
    DISPLAY_ORDER
  )
  VALUES
  (
    '23E5F39B-A772-4F3A-A9E7-9117BF847102',
    '86C8721E-5628-4193-9A92-B85BD0737783',
    'String',
    'string',
    1,0,0,
    NULL,
    1
  );
INSERT
INTO
  SETUP_OPTION_VALUES
  (
    OPTION_VALUE_ID,
    OPTION_ID,
    DISPLAY_LABEL,
    VALUE,
    DEFAULT_FLAG,
    TRIGGER_ALERT,
    TRIGGER_ACTIONABLE,
    TRIGGER_ACTION,
    DISPLAY_ORDER
  )
  VALUES
  (
    '9D96B77F-6FD6-465F-9FA8-CA4C9C58FC39',
    '86C8721E-5628-4193-9A92-B85BD0737783',
    'Hex',
    'hex',
    0,0,0,
    NULL,
    2
  );
INSERT
INTO
  SETUP_OPTION_VALUES
  (
    OPTION_VALUE_ID,
    OPTION_ID,
    DISPLAY_LABEL,
    VALUE,
    DEFAULT_FLAG,
    TRIGGER_ALERT,
    TRIGGER_ACTIONABLE,
    TRIGGER_ACTION,
    DISPLAY_ORDER
  )
  VALUES
  (
    '1293EF9C-8B8A-42C8-A770-82F106D41DDE',
    'PutMode',
    'Standard',
    'STOR',
    1,0,0,
    NULL,
    1
  );
INSERT
INTO
  SETUP_OPTION_VALUES
  (
    OPTION_VALUE_ID,
    OPTION_ID,
    DISPLAY_LABEL,
    VALUE,
    DEFAULT_FLAG,
    TRIGGER_ALERT,
    TRIGGER_ACTIONABLE,
    TRIGGER_ACTION,
    DISPLAY_ORDER
  )
  VALUES
  (
    'B4BA2717-E0DA-45AA-B320-847B051DA0EA',
    'PutMode',
    'Append',
    'APPE',
    0,0,0,
    NULL,
    2
  );
INSERT
INTO
  SETUP_OPTION_VALUES
  (
    OPTION_VALUE_ID,
    OPTION_ID,
    DISPLAY_LABEL,
    VALUE,
    DEFAULT_FLAG,
    TRIGGER_ALERT,
    TRIGGER_ACTIONABLE,
    TRIGGER_ACTION,
    DISPLAY_ORDER
  )
  VALUES
  (
    'YES',
    'YESNO',
    'Yes',
    'YES',
    1,0,0,
    NULL,
    1
  );
INSERT
INTO
  SETUP_OPTION_VALUES
  (
    OPTION_VALUE_ID,
    OPTION_ID,
    DISPLAY_LABEL,
    VALUE,
    DEFAULT_FLAG,
    TRIGGER_ALERT,
    TRIGGER_ACTIONABLE,
    TRIGGER_ACTION,
    DISPLAY_ORDER
  )
  VALUES
  (
    'NO',
    'YESNO',
    'No',
    'NO',
    0,0,0,
    NULL,
    2
  );
INSERT
INTO
  SETUP_OPTION_VALUES
  (
    OPTION_VALUE_ID,
    OPTION_ID,
    DISPLAY_LABEL,
    VALUE,
    DEFAULT_FLAG,
    TRIGGER_ALERT,
    TRIGGER_ACTIONABLE,
    TRIGGER_ACTION,
    DISPLAY_ORDER
  )
  VALUES
  (
    'NONE',
    'TaskJob',
    'None',
    'NONE',
    1,0,0,
    NULL,
    1
  );
INSERT
INTO
  SETUP_OPTION_VALUES
  (
    OPTION_VALUE_ID,
    OPTION_ID,
    DISPLAY_LABEL,
    VALUE,
    DEFAULT_FLAG,
    TRIGGER_ALERT,
    TRIGGER_ACTIONABLE,
    TRIGGER_ACTION,
    DISPLAY_ORDER
  )
  VALUES
  (
    'Task',
    'TaskJob',
    'Task',
    'Task',
    0,0,0,
    NULL,
    2
  );
INSERT
INTO
  SETUP_OPTION_VALUES
  (
    OPTION_VALUE_ID,
    OPTION_ID,
    DISPLAY_LABEL,
    VALUE,
    DEFAULT_FLAG,
    TRIGGER_ALERT,
    TRIGGER_ACTIONABLE,
    TRIGGER_ACTION,
    DISPLAY_ORDER
  )
  VALUES
  (
    'Job',
    'TaskJob',
    'Job',
    'Job',
    0,0,0,
    NULL,
    3
  );
INSERT
INTO
  SETUP_OPTION_VALUES
  (
    OPTION_VALUE_ID,
    OPTION_ID,
    DISPLAY_LABEL,
    VALUE,
    DEFAULT_FLAG,
    TRIGGER_ALERT,
    TRIGGER_ACTIONABLE,
    TRIGGER_ACTION,
    DISPLAY_ORDER
  )
  VALUES
  (
    'PrimDoc',
    'XSLTInput',
    'Primary Document',
    'PrimDoc',
    1,0,0,
    NULL,
    1
  );
INSERT
INTO
  SETUP_OPTION_VALUES
  (
    OPTION_VALUE_ID,
    OPTION_ID,
    DISPLAY_LABEL,
    VALUE,
    DEFAULT_FLAG,
    TRIGGER_ALERT,
    TRIGGER_ACTIONABLE,
    TRIGGER_ACTION,
    DISPLAY_ORDER
  )
  VALUES
  (
    'ProcData',
    'XSLTInput',
    'Process Data',
    'ProcData',
    0,0,0,
    NULL,
    2
  );
INSERT
INTO
  SETUP_OPTION_VALUES
  (
    OPTION_VALUE_ID,
    OPTION_ID,
    DISPLAY_LABEL,
    VALUE,
    DEFAULT_FLAG,
    TRIGGER_ALERT,
    TRIGGER_ACTIONABLE,
    TRIGGER_ACTION,
    DISPLAY_ORDER
  )
  VALUES
  (
    'ProducerMailboxPrependNO',
    'ProducerMailboxPrepend',
    'File Name Based Routing',
    'NO',
    1,0,0,
    NULL,
    1
  );
INSERT
INTO
  SETUP_OPTION_VALUES
  (
    OPTION_VALUE_ID,
    OPTION_ID,
    DISPLAY_LABEL,
    VALUE,
    DEFAULT_FLAG,
    TRIGGER_ALERT,
    TRIGGER_ACTIONABLE,
    TRIGGER_ACTION,
    DISPLAY_ORDER
  )
  VALUES
  (
    'ProducerMailboxPrependMailbox',
    'ProducerMailboxPrepend',
    'Mailbox Based Routing',
    'MAILBOX',
    0,0,0,
    NULL,
    2
  );
INSERT
INTO
  SETUP_OPTION_VALUES
  (
    OPTION_VALUE_ID,
    OPTION_ID,
    DISPLAY_LABEL,
    VALUE,
    DEFAULT_FLAG,
    TRIGGER_ALERT,
    TRIGGER_ACTIONABLE,
    TRIGGER_ACTION,
    DISPLAY_ORDER
  )
  VALUES
  (
    '9BE9FACA-0123-4433-B5F3-39EB98519505',
    '6ccad91f-b51e-40b0-9bd1-ae3212302a5a',
    'INTERNAL',
    'INTERNAL',
    0,0,0,
    NULL,
    1
  );
INSERT
INTO
  SETUP_OPTION_VALUES
  (
    OPTION_VALUE_ID,
    OPTION_ID,
    DISPLAY_LABEL,
    VALUE,
    DEFAULT_FLAG,
    TRIGGER_ALERT,
    TRIGGER_ACTIONABLE,
    TRIGGER_ACTION,
    DISPLAY_ORDER
  )
  VALUES
  (
    'A2E7119E-275E-4D6F-BC44-13C5F65C6B0A',
    '6ccad91f-b51e-40b0-9bd1-ae3212302a5a',
    'EXTERNAL',
    'EXTERNAL',
    1,0,0,
    NULL,
    2
  );
INSERT
INTO
  SETUP_OPTION_VALUES
  (
    OPTION_VALUE_ID,
    OPTION_ID,
    DISPLAY_LABEL,
    VALUE,
    DEFAULT_FLAG,
    TRIGGER_ALERT,
    TRIGGER_ACTIONABLE,
    TRIGGER_ACTION,
    DISPLAY_ORDER
  )
  VALUES
  (
    'C6F3A5D4-C1E1-4E8E-A694-BE4212DB37C7',
    '2e590973-f9a2-4920-9ea8-bcfc85f24e0d',
    'PASSIVE',
    'PASSIVE',
    1,0,0,
    NULL,
    1
  );
INSERT
INTO
  SETUP_OPTION_VALUES
  (
    OPTION_VALUE_ID,
    OPTION_ID,
    DISPLAY_LABEL,
    VALUE,
    DEFAULT_FLAG,
    TRIGGER_ALERT,
    TRIGGER_ACTIONABLE,
    TRIGGER_ACTION,
    DISPLAY_ORDER
  )
  VALUES
  (
    '59A33A05-27CB-4840-96C4-200EAC84D0E7',
    '2e590973-f9a2-4920-9ea8-bcfc85f24e0d',
    'ACTIVE',
    'ACTIVE',
    0,0,0,
    NULL,
    2
  );
INSERT
INTO
  SETUP_OPTION_VALUES
  (
    OPTION_VALUE_ID,
    OPTION_ID,
    DISPLAY_LABEL,
    VALUE,
    DEFAULT_FLAG,
    TRIGGER_ALERT,
    TRIGGER_ACTIONABLE,
    TRIGGER_ACTION,
    DISPLAY_ORDER
  )
  VALUES
  (
    'C08D3F3C-3C9F-4355-91F5-028F90066CE2',
    '1c7758a9-ea1e-452e-bfb2-f182ac5c5111',
    'BINARY',
    'BINARY',
    1,0,0,
    NULL,
    1
  );
INSERT
INTO
  SETUP_OPTION_VALUES
  (
    OPTION_VALUE_ID,
    OPTION_ID,
    DISPLAY_LABEL,
    VALUE,
    DEFAULT_FLAG,
    TRIGGER_ALERT,
    TRIGGER_ACTIONABLE,
    TRIGGER_ACTION,
    DISPLAY_ORDER
  )
  VALUES
  (
    'CDF50E7E-9228-4423-9F5B-B1E99CE7DE9D',
    '1c7758a9-ea1e-452e-bfb2-f182ac5c5111',
    'ASCII',
    'ASCII',
    0,0,0,
    NULL,
    2
  );
INSERT
INTO
  SETUP_OPTION_VALUES
  (
    OPTION_VALUE_ID,
    OPTION_ID,
    DISPLAY_LABEL,
    VALUE,
    DEFAULT_FLAG,
    TRIGGER_ALERT,
    TRIGGER_ACTIONABLE,
    TRIGGER_ACTION,
    DISPLAY_ORDER
  )
  VALUES
  (
    '10CDC508-4C01-48F8-8528-FB86345411BE',
    'fe0b87a9-8903-4fbe-96dd-defaa7409735',
    'None',
    'SSL_NONE',
    1,0,0,
    NULL,
    1
  );
INSERT
INTO
  SETUP_OPTION_VALUES
  (
    OPTION_VALUE_ID,
    OPTION_ID,
    DISPLAY_LABEL,
    VALUE,
    DEFAULT_FLAG,
    TRIGGER_ALERT,
    TRIGGER_ACTIONABLE,
    TRIGGER_ACTION,
    DISPLAY_ORDER
  )
  VALUES
  (
    '3ABA2EF9-781C-4FB0-B375-D6D846F8B894',
    'fe0b87a9-8903-4fbe-96dd-defaa7409735',
    'Implicit',
    'SSL_IMPLICIT',
    0,0,0,
    NULL,
    2
  );
INSERT
INTO
  SETUP_OPTION_VALUES
  (
    OPTION_VALUE_ID,
    OPTION_ID,
    DISPLAY_LABEL,
    VALUE,
    DEFAULT_FLAG,
    TRIGGER_ALERT,
    TRIGGER_ACTIONABLE,
    TRIGGER_ACTION,
    DISPLAY_ORDER
  )
  VALUES
  (
    '28038DD0-C583-424A-AC25-9B63FA1A0F05',
    'fe0b87a9-8903-4fbe-96dd-defaa7409735',
    'Explicit',
    'SSL_EXPLICIT',
    0,0,0,
    NULL,
    3
  );
INSERT
INTO
  SETUP_OPTION_VALUES
  (
    OPTION_VALUE_ID,
    OPTION_ID,
    DISPLAY_LABEL,
    VALUE,
    DEFAULT_FLAG,
    TRIGGER_ALERT,
    TRIGGER_ACTIONABLE,
    TRIGGER_ACTION,
    DISPLAY_ORDER
  )
  VALUES
  (
    '2DBBB489-CB5A-488A-B510-B41646C762EA',
    '1f409d44-e3ff-465c-a7dc-00514c48b579',
    'ALL',
    'ALL',
    1,0,0,
    NULL,
    1
  );
INSERT
INTO
  SETUP_OPTION_VALUES
  (
    OPTION_VALUE_ID,
    OPTION_ID,
    DISPLAY_LABEL,
    VALUE,
    DEFAULT_FLAG,
    TRIGGER_ALERT,
    TRIGGER_ACTIONABLE,
    TRIGGER_ACTION,
    DISPLAY_ORDER
  )
  VALUES
  (
    'D6A40650-1802-431C-B6E7-556B9E3AC747',
    '1f409d44-e3ff-465c-a7dc-00514c48b579',
    'STRONG',
    'STRONG',
    0,0,0,
    NULL,
    2
  );
INSERT
INTO
  SETUP_OPTION_VALUES
  (
    OPTION_VALUE_ID,
    OPTION_ID,
    DISPLAY_LABEL,
    VALUE,
    DEFAULT_FLAG,
    TRIGGER_ALERT,
    TRIGGER_ACTIONABLE,
    TRIGGER_ACTION,
    DISPLAY_ORDER
  )
  VALUES
  (
    '0C5A1063-48CD-441E-87E6-5EEEC80307EB',
    '1f409d44-e3ff-465c-a7dc-00514c48b579',
    'WEAK',
    'WEAK',
    0,0,0,
    NULL,
    3
  );
INSERT
INTO
  SETUP_OPTION_VALUES
  (
    OPTION_VALUE_ID,
    OPTION_ID,
    DISPLAY_LABEL,
    VALUE,
    DEFAULT_FLAG,
    TRIGGER_ALERT,
    TRIGGER_ACTIONABLE,
    TRIGGER_ACTION,
    DISPLAY_ORDER
  )
  VALUES
  (
    '3C0F0920-9385-43B2-B206-4D281DEF3124',
    'e6386ba5-725a-4e49-8cde-51093e71a08c',
    'NO',
    'NO',
    1,0,0,
    NULL,
    1
  );
INSERT
INTO
  SETUP_OPTION_VALUES
  (
    OPTION_VALUE_ID,
    OPTION_ID,
    DISPLAY_LABEL,
    VALUE,
    DEFAULT_FLAG,
    TRIGGER_ALERT,
    TRIGGER_ACTIONABLE,
    TRIGGER_ACTION,
    DISPLAY_ORDER
  )
  VALUES
  (
    '618863E9-7C19-4882-929A-009E8EBB684B',
    'e6386ba5-725a-4e49-8cde-51093e71a08c',
    'YES',
    'YES',
    0,0,0,
    NULL,
    2
  );
INSERT
INTO
  SETUP_OPTION_VALUES
  (
    OPTION_VALUE_ID,
    OPTION_ID,
    DISPLAY_LABEL,
    VALUE,
    DEFAULT_FLAG,
    TRIGGER_ALERT,
    TRIGGER_ACTIONABLE,
    TRIGGER_ACTION,
    DISPLAY_ORDER
  )
  VALUES
  (
    '55851DB0-C5F8-455D-91CE-86997D3340B0',
    '27e028d7-2a07-483d-b4fd-43c3cbfdb988',
    'INTERNAL',
    'INTERNAL',
    0,0,0,
    NULL,
    2
  );
INSERT
INTO
  SETUP_OPTION_VALUES
  (
    OPTION_VALUE_ID,
    OPTION_ID,
    DISPLAY_LABEL,
    VALUE,
    DEFAULT_FLAG,
    TRIGGER_ALERT,
    TRIGGER_ACTIONABLE,
    TRIGGER_ACTION,
    DISPLAY_ORDER
  )
  VALUES
  (
    '09557F24-25F0-4364-8883-3EE84CC4FF27',
    '27e028d7-2a07-483d-b4fd-43c3cbfdb988',
    'EXTERNAL',
    'EXTERNAL',
    1,0,0,
    NULL,
    1
  );
INSERT
INTO
  SETUP_OPTION_VALUES
  (
    OPTION_VALUE_ID,
    OPTION_ID,
    DISPLAY_LABEL,
    VALUE,
    DEFAULT_FLAG,
    TRIGGER_ALERT,
    TRIGGER_ACTIONABLE,
    TRIGGER_ACTION,
    DISPLAY_ORDER
  )
  VALUES
  (
    '51A6C130-A501-47C8-B507-94A7E9E29FF5',
    '5b2617fa-779d-433d-bf56-994c5d9cb67b',
    'COUNT',
    'COUNT',
    1,0,0,
    NULL,
    1
  );
INSERT
INTO
  SETUP_OPTION_VALUES
  (
    OPTION_VALUE_ID,
    OPTION_ID,
    DISPLAY_LABEL,
    VALUE,
    DEFAULT_FLAG,
    TRIGGER_ALERT,
    TRIGGER_ACTIONABLE,
    TRIGGER_ACTION,
    DISPLAY_ORDER
  )
  VALUES
  (
    '2EDA7EF5-5813-44F6-B003-2DD83C5A6E23',
    '5b2617fa-779d-433d-bf56-994c5d9cb67b',
    'YES',
    'YES',
    0,0,0,
    NULL,
    2
  );
INSERT
INTO
  SETUP_OPTION_VALUES
  (
    OPTION_VALUE_ID,
    OPTION_ID,
    DISPLAY_LABEL,
    VALUE,
    DEFAULT_FLAG,
    TRIGGER_ALERT,
    TRIGGER_ACTIONABLE,
    TRIGGER_ACTION,
    DISPLAY_ORDER
  )
  VALUES
  (
    'AB56EDCC-2BC1-419B-9CB8-64049F1AA540',
    '5b2617fa-779d-433d-bf56-994c5d9cb67b',
    'UNTIL',
    'UNTIL',
    0,0,0,
    NULL,
    3
  );
INSERT
INTO
  SETUP_OPTION_VALUES
  (
    OPTION_VALUE_ID,
    OPTION_ID,
    DISPLAY_LABEL,
    VALUE,
    DEFAULT_FLAG,
    TRIGGER_ALERT,
    TRIGGER_ACTIONABLE,
    TRIGGER_ACTION,
    DISPLAY_ORDER
  )
  VALUES
  (
    'EFC0796A-B6AB-4C17-8E6E-7CA9F601BC81',
    '031bfec4-3ef0-4673-b7d3-9c7479a1ef95',
    'INTERNAL',
    'INTERNAL',
    0,0,0,
    NULL,
    1
  );
INSERT
INTO
  SETUP_OPTION_VALUES
  (
    OPTION_VALUE_ID,
    OPTION_ID,
    DISPLAY_LABEL,
    VALUE,
    DEFAULT_FLAG,
    TRIGGER_ALERT,
    TRIGGER_ACTIONABLE,
    TRIGGER_ACTION,
    DISPLAY_ORDER
  )
  VALUES
  (
    'CDEC3C87-390E-433C-A485-133A1A16D15D',
    '031bfec4-3ef0-4673-b7d3-9c7479a1ef95',
    'EXTERNAL',
    'EXTERNAL',
    1,0,0,
    NULL,
    2
  );
INSERT
INTO
  SETUP_OPTION_VALUES
  (
    OPTION_VALUE_ID,
    OPTION_ID,
    DISPLAY_LABEL,
    VALUE,
    DEFAULT_FLAG,
    TRIGGER_ALERT,
    TRIGGER_ACTIONABLE,
    TRIGGER_ACTION,
    DISPLAY_ORDER
  )
  VALUES
  (
    '30E8BC89-CD00-416F-B362-69713372328F',
    '023d0c08-158d-446c-8dca-5c967ae7a631',
    'NO',
    'NO',
    1,0,0,
    NULL,
    1
  );
INSERT
INTO
  SETUP_OPTION_VALUES
  (
    OPTION_VALUE_ID,
    OPTION_ID,
    DISPLAY_LABEL,
    VALUE,
    DEFAULT_FLAG,
    TRIGGER_ALERT,
    TRIGGER_ACTIONABLE,
    TRIGGER_ACTION,
    DISPLAY_ORDER
  )
  VALUES
  (
    'C5EB9362-871A-4D7A-9AF1-0108A380C79F',
    '023d0c08-158d-446c-8dca-5c967ae7a631',
    'YES',
    'YES',
    0,0,0,
    NULL,
    2
  );
INSERT
INTO
  SETUP_OPTION_VALUES
  (
    OPTION_VALUE_ID,
    OPTION_ID,
    DISPLAY_LABEL,
    VALUE,
    DEFAULT_FLAG,
    TRIGGER_ALERT,
    TRIGGER_ACTIONABLE,
    TRIGGER_ACTION,
    DISPLAY_ORDER
  )
  VALUES
  (
    'BFE69F5F-BF49-45CF-ABA8-93D90EA8FEEF',
    '0ef0bf05-93e0-456c-b096-a0313713037f',
    'YES',
    'YES',
    0,0,0,
    NULL,
    1
  );
INSERT
INTO
  SETUP_OPTION_VALUES
  (
    OPTION_VALUE_ID,
    OPTION_ID,
    DISPLAY_LABEL,
    VALUE,
    DEFAULT_FLAG,
    TRIGGER_ALERT,
    TRIGGER_ACTIONABLE,
    TRIGGER_ACTION,
    DISPLAY_ORDER
  )
  VALUES
  (
    '73C8A9ED-B698-40D9-8362-F68C4AA05E46',
    '0ef0bf05-93e0-456c-b096-a0313713037f',
    'NO',
    'NO',
    1,0,0,
    NULL,
    2
  );
INSERT
INTO
  SETUP_OPTION_VALUES
  (
    OPTION_VALUE_ID,
    OPTION_ID,
    DISPLAY_LABEL,
    VALUE,
    DEFAULT_FLAG,
    TRIGGER_ALERT,
    TRIGGER_ACTIONABLE,
    TRIGGER_ACTION,
    DISPLAY_ORDER
  )
  VALUES
  (
    '67CFEBC4-D694-4820-BE65-2F7334211037',
    'Hold_Reason',
    'Partner Issue',
    'Partner_Issue',
    1,0,0,
    NULL,
    1
  );
INSERT
INTO
  SETUP_OPTION_VALUES
  (
    OPTION_VALUE_ID,
    OPTION_ID,
    DISPLAY_LABEL,
    VALUE,
    DEFAULT_FLAG,
    TRIGGER_ALERT,
    TRIGGER_ACTIONABLE,
    TRIGGER_ACTION,
    DISPLAY_ORDER
  )
  VALUES
  (
    '31F8C24A-811D-4EE5-BC45-0CE6CF4C3724',
    'Hold_Reason',
    'Partner Unresponsive',
    'Partner_Unresponsive',
    0,0,0,
    NULL,
    2
  );
INSERT
INTO
  SETUP_OPTION_VALUES
  (
    OPTION_VALUE_ID,
    OPTION_ID,
    DISPLAY_LABEL,
    VALUE,
    DEFAULT_FLAG,
    TRIGGER_ALERT,
    TRIGGER_ACTIONABLE,
    TRIGGER_ACTION,
    DISPLAY_ORDER
  )
  VALUES
  (
    '4E17CCB6-FC66-4CA5-BE0B-0F341E701478',
    'Hold_Reason',
    'Other',
    'Other',
    0,0,0,
    NULL,
    3
  );
INSERT
INTO
  SETUP_OPTION_VALUES
  (
    OPTION_VALUE_ID,
    OPTION_ID,
    DISPLAY_LABEL,
    VALUE,
    DEFAULT_FLAG,
    TRIGGER_ALERT,
    TRIGGER_ACTIONABLE,
    TRIGGER_ACTION,
    DISPLAY_ORDER
  )
  VALUES
  (
    '01042D84-AB17-439B-BAE7-0F701E6CF375',
    'Wave',
    '0',
    '0',
    1,0,0,
    NULL,
    1
  );
INSERT
INTO
  SETUP_OPTION_VALUES
  (
    OPTION_VALUE_ID,
    OPTION_ID,
    DISPLAY_LABEL,
    VALUE,
    DEFAULT_FLAG,
    TRIGGER_ALERT,
    TRIGGER_ACTIONABLE,
    TRIGGER_ACTION,
    DISPLAY_ORDER
  )
  VALUES
  (
    'DACEEA90-0580-4911-89BA-BFADD6AF1E9F',
    'Wave',
    '1',
    '1',
    0,0,0,
    NULL,
    2
  );
INSERT
INTO
  SETUP_OPTION_VALUES
  (
    OPTION_VALUE_ID,
    OPTION_ID,
    DISPLAY_LABEL,
    VALUE,
    DEFAULT_FLAG,
    TRIGGER_ALERT,
    TRIGGER_ACTIONABLE,
    TRIGGER_ACTION,
    DISPLAY_ORDER
  )
  VALUES
  (
    '2BC25AB5-BE92-44A0-ADA4-8A3BB98C8908',
    'Wave',
    '2',
    '2',
    0,0,0,
    NULL,
    3
  );
INSERT
INTO
  SETUP_OPTION_VALUES
  (
    OPTION_VALUE_ID,
    OPTION_ID,
    DISPLAY_LABEL,
    VALUE,
    DEFAULT_FLAG,
    TRIGGER_ALERT,
    TRIGGER_ACTIONABLE,
    TRIGGER_ACTION,
    DISPLAY_ORDER
  )
  VALUES
  (
    'E5E11ABA-2715-4601-9E3E-5AC0FC0EB90D',
    'Wave',
    '3',
    '3',
    0,0,0,
    NULL,
    4
  );
INSERT
INTO
  SETUP_OPTION_VALUES
  (
    OPTION_VALUE_ID,
    OPTION_ID,
    DISPLAY_LABEL,
    VALUE,
    DEFAULT_FLAG,
    TRIGGER_ALERT,
    TRIGGER_ACTIONABLE,
    TRIGGER_ACTION,
    DISPLAY_ORDER
  )
  VALUES
  (
    '1EF5ECFC-7DB4-41EB-BB42-F9D0296C6662',
    'Wave',
    '4',
    '4',
    0,0,0,
    NULL,
    5
  );
INSERT
INTO
  SETUP_OPTION_VALUES
  (
    OPTION_VALUE_ID,
    OPTION_ID,
    DISPLAY_LABEL,
    VALUE,
    DEFAULT_FLAG,
    TRIGGER_ALERT,
    TRIGGER_ACTIONABLE,
    TRIGGER_ACTION,
    DISPLAY_ORDER
  )
  VALUES
  (
    '0E58F3D5-080B-4D97-BE21-B42CA05B798B',
    'Partner_Added',
    'Not Started',
    'Not_Started',
    1,0,0,
    NULL,
    1
  );
INSERT
INTO
  SETUP_OPTION_VALUES
  (
    OPTION_VALUE_ID,
    OPTION_ID,
    DISPLAY_LABEL,
    VALUE,
    DEFAULT_FLAG,
    TRIGGER_ALERT,
    TRIGGER_ACTIONABLE,
    TRIGGER_ACTION,
    DISPLAY_ORDER
  )
  VALUES
  (
    '700C2E01-601B-4103-AAB6-69F673931FE4',
    'Partner_Added',
    'In Progress',
    'In_Progress',
    0,0,0,
    NULL,
    2
  );
INSERT
INTO
  SETUP_OPTION_VALUES
  (
    OPTION_VALUE_ID,
    OPTION_ID,
    DISPLAY_LABEL,
    VALUE,
    DEFAULT_FLAG,
    TRIGGER_ALERT,
    TRIGGER_ACTIONABLE,
    TRIGGER_ACTION,
    DISPLAY_ORDER
  )
  VALUES
  (
    '08E08B0B-E0D9-48FF-9F1C-AEE80A265C2B',
    'Partner_Added',
    'Completed - N/A',
    'Completed',
    0,0,0,
    NULL,
    3
  );
INSERT
INTO
  SETUP_OPTION_VALUES
  (
    OPTION_VALUE_ID,
    OPTION_ID,
    DISPLAY_LABEL,
    VALUE,
    DEFAULT_FLAG,
    TRIGGER_ALERT,
    TRIGGER_ACTIONABLE,
    TRIGGER_ACTION,
    DISPLAY_ORDER
  )
  VALUES
  (
    '2B4198F0-3325-4B31-9BE1-B7511CCDD0E9',
    'Partner_Contacted',
    'Not Started',
    'Not_Started',
    1,0,0,
    NULL,
    1
  );
INSERT
INTO
  SETUP_OPTION_VALUES
  (
    OPTION_VALUE_ID,
    OPTION_ID,
    DISPLAY_LABEL,
    VALUE,
    DEFAULT_FLAG,
    TRIGGER_ALERT,
    TRIGGER_ACTIONABLE,
    TRIGGER_ACTION,
    DISPLAY_ORDER
  )
  VALUES
  (
    'E385A5F4-3A20-448A-8552-246A7F656C52',
    'Partner_Contacted',
    'In Progress',
    'In_Progress',
    0,0,0,
    NULL,
    2
  );
INSERT
INTO
  SETUP_OPTION_VALUES
  (
    OPTION_VALUE_ID,
    OPTION_ID,
    DISPLAY_LABEL,
    VALUE,
    DEFAULT_FLAG,
    TRIGGER_ALERT,
    TRIGGER_ACTIONABLE,
    TRIGGER_ACTION,
    DISPLAY_ORDER
  )
  VALUES
  (
    'CBE62D6E-0205-4859-A43A-7B97A44D9A0A',
    'Partner_Contacted',
    'Completed - N/A',
    'Completed',
    0,0,0,
    NULL,
    3
  );
INSERT
INTO
  SETUP_OPTION_VALUES
  (
    OPTION_VALUE_ID,
    OPTION_ID,
    DISPLAY_LABEL,
    VALUE,
    DEFAULT_FLAG,
    TRIGGER_ALERT,
    TRIGGER_ACTIONABLE,
    TRIGGER_ACTION,
    DISPLAY_ORDER
  )
  VALUES
  (
    '1B4C894C-EFA7-4F68-9676-722B8F870965',
    'Welcome_Packet_Sent',
    'Not Started',
    'Not_Started',
    1,0,0,
    NULL,
    1
  );
INSERT
INTO
  SETUP_OPTION_VALUES
  (
    OPTION_VALUE_ID,
    OPTION_ID,
    DISPLAY_LABEL,
    VALUE,
    DEFAULT_FLAG,
    TRIGGER_ALERT,
    TRIGGER_ACTIONABLE,
    TRIGGER_ACTION,
    DISPLAY_ORDER
  )
  VALUES
  (
    '0D8B9DAC-D56E-40A1-B3C3-6D6C0615D270',
    'Welcome_Packet_Sent',
    'In Progress',
    'In_Progress',
    0,0,0,
    NULL,
    2
  );
INSERT
INTO
  SETUP_OPTION_VALUES
  (
    OPTION_VALUE_ID,
    OPTION_ID,
    DISPLAY_LABEL,
    VALUE,
    DEFAULT_FLAG,
    TRIGGER_ALERT,
    TRIGGER_ACTIONABLE,
    TRIGGER_ACTION,
    DISPLAY_ORDER
  )
  VALUES
  (
    '6953190A-F10F-47C4-BB3F-4C3D48A6F07C',
    'Welcome_Packet_Sent',
    'Completed - N/A',
    'Completed',
    0,0,0,
    NULL,
    3
  );
INSERT
INTO
  SETUP_OPTION_VALUES
  (
    OPTION_VALUE_ID,
    OPTION_ID,
    DISPLAY_LABEL,
    VALUE,
    DEFAULT_FLAG,
    TRIGGER_ALERT,
    TRIGGER_ACTIONABLE,
    TRIGGER_ACTION,
    DISPLAY_ORDER
  )
  VALUES
  (
    'F1CD1410-2762-49C8-99C0-3ACF43F8133B',
    'Communications_Setup',
    'Not Started',
    'Not_Started',
    1,0,0,
    NULL,
    1
  );
INSERT
INTO
  SETUP_OPTION_VALUES
  (
    OPTION_VALUE_ID,
    OPTION_ID,
    DISPLAY_LABEL,
    VALUE,
    DEFAULT_FLAG,
    TRIGGER_ALERT,
    TRIGGER_ACTIONABLE,
    TRIGGER_ACTION,
    DISPLAY_ORDER
  )
  VALUES
  (
    '5BA93ADE-D060-4F6B-BF50-A41B80EAF89C',
    'Communications_Setup',
    'In Progress',
    'In_Progress',
    0,0,0,
    NULL,
    2
  );
INSERT
INTO
  SETUP_OPTION_VALUES
  (
    OPTION_VALUE_ID,
    OPTION_ID,
    DISPLAY_LABEL,
    VALUE,
    DEFAULT_FLAG,
    TRIGGER_ALERT,
    TRIGGER_ACTIONABLE,
    TRIGGER_ACTION,
    DISPLAY_ORDER
  )
  VALUES
  (
    'ED84EF61-F7A5-44EE-B7D6-37039DA5A2C4',
    'Communications_Setup',
    'Completed - N/A',
    'Completed',
    0,0,0,
    NULL,
    3
  );
INSERT
INTO
  SETUP_OPTION_VALUES
  (
    OPTION_VALUE_ID,
    OPTION_ID,
    DISPLAY_LABEL,
    VALUE,
    DEFAULT_FLAG,
    TRIGGER_ALERT,
    TRIGGER_ACTIONABLE,
    TRIGGER_ACTION,
    DISPLAY_ORDER
  )
  VALUES
  (
    'ABB19CA2-ABF2-4FC5-93FA-3CDCA2A10EA9',
    'LDAP_Setup',
    'Not Started',
    'Not_Started',
    1,0,0,
    NULL,
    1
  );
INSERT
INTO
  SETUP_OPTION_VALUES
  (
    OPTION_VALUE_ID,
    OPTION_ID,
    DISPLAY_LABEL,
    VALUE,
    DEFAULT_FLAG,
    TRIGGER_ALERT,
    TRIGGER_ACTIONABLE,
    TRIGGER_ACTION,
    DISPLAY_ORDER
  )
  VALUES
  (
    '291DDEA5-E32C-4DB9-899A-F2D2B16D70D2',
    'LDAP_Setup',
    'In Progress',
    'In_Progress',
    0,0,0,
    NULL,
    2
  );
INSERT
INTO
  SETUP_OPTION_VALUES
  (
    OPTION_VALUE_ID,
    OPTION_ID,
    DISPLAY_LABEL,
    VALUE,
    DEFAULT_FLAG,
    TRIGGER_ALERT,
    TRIGGER_ACTIONABLE,
    TRIGGER_ACTION,
    DISPLAY_ORDER
  )
  VALUES
  (
    'C9F757D1-3A22-4065-9E39-5E79B889D4EF',
    'LDAP_Setup',
    'Completed - N/A',
    'Completed',
    0,0,0,
    NULL,
    3
  );
INSERT
INTO
  SETUP_OPTION_VALUES
  (
    OPTION_VALUE_ID,
    OPTION_ID,
    DISPLAY_LABEL,
    VALUE,
    DEFAULT_FLAG,
    TRIGGER_ALERT,
    TRIGGER_ACTIONABLE,
    TRIGGER_ACTION,
    DISPLAY_ORDER
  )
  VALUES
  (
    'AE12AE38-534F-475F-8F92-4A35486AD820',
    'Firewall_Configured',
    'Not Started',
    'Not_Started',
    1,0,0,
    NULL,
    1
  );
INSERT
INTO
  SETUP_OPTION_VALUES
  (
    OPTION_VALUE_ID,
    OPTION_ID,
    DISPLAY_LABEL,
    VALUE,
    DEFAULT_FLAG,
    TRIGGER_ALERT,
    TRIGGER_ACTIONABLE,
    TRIGGER_ACTION,
    DISPLAY_ORDER
  )
  VALUES
  (
    'C3059942-B106-4C57-A34E-F024118305C0',
    'Firewall_Configured',
    'In Progress',
    'In_Progress',
    0,0,0,
    NULL,
    2
  );
INSERT
INTO
  SETUP_OPTION_VALUES
  (
    OPTION_VALUE_ID,
    OPTION_ID,
    DISPLAY_LABEL,
    VALUE,
    DEFAULT_FLAG,
    TRIGGER_ALERT,
    TRIGGER_ACTIONABLE,
    TRIGGER_ACTION,
    DISPLAY_ORDER
  )
  VALUES
  (
    'A464361F-FA72-4E60-ACC2-41D2ECD05BCD',
    'Firewall_Configured',
    'Completed - N/A',
    'Completed',
    0,0,0,
    NULL,
    3
  );
INSERT
INTO
  SETUP_OPTION_VALUES
  (
    OPTION_VALUE_ID,
    OPTION_ID,
    DISPLAY_LABEL,
    VALUE,
    DEFAULT_FLAG,
    TRIGGER_ALERT,
    TRIGGER_ACTIONABLE,
    TRIGGER_ACTION,
    DISPLAY_ORDER
  )
  VALUES
  (
    '92518AF8-82BC-4875-AA23-F13A6DF0BC4A',
    'Customer_Firewall_Configured',
    'Not Started',
    'Not_Started',
    1,0,0,
    NULL,
    1
  );
INSERT
INTO
  SETUP_OPTION_VALUES
  (
    OPTION_VALUE_ID,
    OPTION_ID,
    DISPLAY_LABEL,
    VALUE,
    DEFAULT_FLAG,
    TRIGGER_ALERT,
    TRIGGER_ACTIONABLE,
    TRIGGER_ACTION,
    DISPLAY_ORDER
  )
  VALUES
  (
    'E9A566CE-584C-487A-9F66-BD70010D1BDE',
    'Customer_Firewall_Configured',
    'In Progress',
    'In_Progress',
    0,0,0,
    NULL,
    2
  );
INSERT
INTO
  SETUP_OPTION_VALUES
  (
    OPTION_VALUE_ID,
    OPTION_ID,
    DISPLAY_LABEL,
    VALUE,
    DEFAULT_FLAG,
    TRIGGER_ALERT,
    TRIGGER_ACTIONABLE,
    TRIGGER_ACTION,
    DISPLAY_ORDER
  )
  VALUES
  (
    '9BB9D20C-EAD0-417D-87AD-EC3722E62DCA',
    'Customer_Firewall_Configured',
    'Completed - N/A',
    'Completed',
    0,0,0,
    NULL,
    3
  );
INSERT
INTO
  SETUP_OPTION_VALUES
  (
    OPTION_VALUE_ID,
    OPTION_ID,
    DISPLAY_LABEL,
    VALUE,
    DEFAULT_FLAG,
    TRIGGER_ALERT,
    TRIGGER_ACTIONABLE,
    TRIGGER_ACTION,
    DISPLAY_ORDER
  )
  VALUES
  (
    '660EA8FE-FDB3-49B7-BBFB-B05C82CA52D0',
    'Authentication_Certificate_Created',
    'Not Started',
    'Not_Started',
    1,0,0,
    NULL,
    1
  );
INSERT
INTO
  SETUP_OPTION_VALUES
  (
    OPTION_VALUE_ID,
    OPTION_ID,
    DISPLAY_LABEL,
    VALUE,
    DEFAULT_FLAG,
    TRIGGER_ALERT,
    TRIGGER_ACTIONABLE,
    TRIGGER_ACTION,
    DISPLAY_ORDER
  )
  VALUES
  (
    '8C2129E6-A349-4F5F-ABFC-EFD2ECD7139F',
    'Authentication_Certificate_Created',
    'In Progress',
    'In_Progress',
    0,0,0,
    NULL,
    2
  );
INSERT
INTO
  SETUP_OPTION_VALUES
  (
    OPTION_VALUE_ID,
    OPTION_ID,
    DISPLAY_LABEL,
    VALUE,
    DEFAULT_FLAG,
    TRIGGER_ALERT,
    TRIGGER_ACTIONABLE,
    TRIGGER_ACTION,
    DISPLAY_ORDER
  )
  VALUES
  (
    'ADF711D7-8747-45C3-9AFC-F7710A136300',
    'Authentication_Certificate_Created',
    'Completed - N/A',
    'Completed',
    0,0,0,
    NULL,
    3
  );
INSERT
INTO
  SETUP_OPTION_VALUES
  (
    OPTION_VALUE_ID,
    OPTION_ID,
    DISPLAY_LABEL,
    VALUE,
    DEFAULT_FLAG,
    TRIGGER_ALERT,
    TRIGGER_ACTIONABLE,
    TRIGGER_ACTION,
    DISPLAY_ORDER
  )
  VALUES
  (
    '4B9C2090-E550-4ED2-B324-1F38B118B7DA',
    'Encryption_Certificate_Created',
    'Not Started',
    'Not_Started',
    1,0,0,
    NULL,
    1
  );
INSERT
INTO
  SETUP_OPTION_VALUES
  (
    OPTION_VALUE_ID,
    OPTION_ID,
    DISPLAY_LABEL,
    VALUE,
    DEFAULT_FLAG,
    TRIGGER_ALERT,
    TRIGGER_ACTIONABLE,
    TRIGGER_ACTION,
    DISPLAY_ORDER
  )
  VALUES
  (
    '46AE66C1-D74B-4096-9898-B34049FB6B7C',
    'Encryption_Certificate_Created',
    'In Progress',
    'In_Progress',
    0,0,0,
    NULL,
    2
  );
INSERT
INTO
  SETUP_OPTION_VALUES
  (
    OPTION_VALUE_ID,
    OPTION_ID,
    DISPLAY_LABEL,
    VALUE,
    DEFAULT_FLAG,
    TRIGGER_ALERT,
    TRIGGER_ACTIONABLE,
    TRIGGER_ACTION,
    DISPLAY_ORDER
  )
  VALUES
  (
    '0CEBBC71-6CFB-41EC-9FFA-1C37100FB5C6',
    'Encryption_Certificate_Created',
    'Completed - N/A',
    'Completed',
    0,0,0,
    NULL,
    3
  );
INSERT
INTO
  SETUP_OPTION_VALUES
  (
    OPTION_VALUE_ID,
    OPTION_ID,
    DISPLAY_LABEL,
    VALUE,
    DEFAULT_FLAG,
    TRIGGER_ALERT,
    TRIGGER_ACTIONABLE,
    TRIGGER_ACTION,
    DISPLAY_ORDER
  )
  VALUES
  (
    'A5B234A6-2934-41EB-87F4-CA1CE0F03B48',
    'User_Account_Password_Created',
    'Not Started',
    'Not_Started',
    1,0,0,
    NULL,
    1
  );
INSERT
INTO
  SETUP_OPTION_VALUES
  (
    OPTION_VALUE_ID,
    OPTION_ID,
    DISPLAY_LABEL,
    VALUE,
    DEFAULT_FLAG,
    TRIGGER_ALERT,
    TRIGGER_ACTIONABLE,
    TRIGGER_ACTION,
    DISPLAY_ORDER
  )
  VALUES
  (
    '2786F53A-C52E-49A3-9680-21014B84580A',
    'User_Account_Password_Created',
    'In Progress',
    'In_Progress',
    0,0,0,
    NULL,
    2
  );
INSERT
INTO
  SETUP_OPTION_VALUES
  (
    OPTION_VALUE_ID,
    OPTION_ID,
    DISPLAY_LABEL,
    VALUE,
    DEFAULT_FLAG,
    TRIGGER_ALERT,
    TRIGGER_ACTIONABLE,
    TRIGGER_ACTION,
    DISPLAY_ORDER
  )
  VALUES
  (
    'EDE3C66F-BB64-44E4-A895-0CC83B805060',
    'User_Account_Password_Created',
    'Completed - N/A',
    'Completed',
    0,0,0,
    NULL,
    3
  );
INSERT
INTO
  SETUP_OPTION_VALUES
  (
    OPTION_VALUE_ID,
    OPTION_ID,
    DISPLAY_LABEL,
    VALUE,
    DEFAULT_FLAG,
    TRIGGER_ALERT,
    TRIGGER_ACTIONABLE,
    TRIGGER_ACTION,
    DISPLAY_ORDER
  )
  VALUES
  (
    '653DFA22-88ED-4286-8229-69749073ED3F',
    'QA_Communications_Testing',
    'Not Started',
    'Not_Started',
    1,0,0,
    NULL,
    1
  );
INSERT
INTO
  SETUP_OPTION_VALUES
  (
    OPTION_VALUE_ID,
    OPTION_ID,
    DISPLAY_LABEL,
    VALUE,
    DEFAULT_FLAG,
    TRIGGER_ALERT,
    TRIGGER_ACTIONABLE,
    TRIGGER_ACTION,
    DISPLAY_ORDER
  )
  VALUES
  (
    'EED53DF4-81BB-4AF0-9B96-731FD2D9B18C',
    'QA_Communications_Testing',
    'In Progress',
    'In_Progress',
    0,0,0,
    NULL,
    2
  );
INSERT
INTO
  SETUP_OPTION_VALUES
  (
    OPTION_VALUE_ID,
    OPTION_ID,
    DISPLAY_LABEL,
    VALUE,
    DEFAULT_FLAG,
    TRIGGER_ALERT,
    TRIGGER_ACTIONABLE,
    TRIGGER_ACTION,
    DISPLAY_ORDER
  )
  VALUES
  (
    'D1523847-0477-40AA-9C1A-99A161CC1720',
    'QA_Communications_Testing',
    'Completed - N/A',
    'Completed',
    0,0,0,
    NULL,
    3
  );
INSERT
INTO
  SETUP_OPTION_VALUES
  (
    OPTION_VALUE_ID,
    OPTION_ID,
    DISPLAY_LABEL,
    VALUE,
    DEFAULT_FLAG,
    TRIGGER_ALERT,
    TRIGGER_ACTIONABLE,
    TRIGGER_ACTION,
    DISPLAY_ORDER
  )
  VALUES
  (
    'D7AB5B39-3FCE-4020-A4F8-6634F0EED844',
    'QA_Data_Format',
    'Not Started',
    'Not_Started',
    1,0,0,
    NULL,
    1
  );
INSERT
INTO
  SETUP_OPTION_VALUES
  (
    OPTION_VALUE_ID,
    OPTION_ID,
    DISPLAY_LABEL,
    VALUE,
    DEFAULT_FLAG,
    TRIGGER_ALERT,
    TRIGGER_ACTIONABLE,
    TRIGGER_ACTION,
    DISPLAY_ORDER
  )
  VALUES
  (
    '67006BB6-194A-4EDD-A6F1-1BEB51034A8B',
    'QA_Data_Format',
    'In Progress',
    'In_Progress',
    0,0,0,
    NULL,
    2
  );
INSERT
INTO
  SETUP_OPTION_VALUES
  (
    OPTION_VALUE_ID,
    OPTION_ID,
    DISPLAY_LABEL,
    VALUE,
    DEFAULT_FLAG,
    TRIGGER_ALERT,
    TRIGGER_ACTIONABLE,
    TRIGGER_ACTION,
    DISPLAY_ORDER
  )
  VALUES
  (
    'A46F7B0B-C1C4-4CF4-BE18-5B1CDD7B4DF1',
    'QA_Data_Format',
    'Completed - N/A',
    'Completed',
    0,0,0,
    NULL,
    3
  );
INSERT
INTO
  SETUP_OPTION_VALUES
  (
    OPTION_VALUE_ID,
    OPTION_ID,
    DISPLAY_LABEL,
    VALUE,
    DEFAULT_FLAG,
    TRIGGER_ALERT,
    TRIGGER_ACTIONABLE,
    TRIGGER_ACTION,
    DISPLAY_ORDER
  )
  VALUES
  (
    '9C50DEE4-37C0-4C87-804A-600DADCE4A2C',
    'Production_Configured',
    'Not Started',
    'Not_Started',
    1,0,0,
    NULL,
    1
  );
INSERT
INTO
  SETUP_OPTION_VALUES
  (
    OPTION_VALUE_ID,
    OPTION_ID,
    DISPLAY_LABEL,
    VALUE,
    DEFAULT_FLAG,
    TRIGGER_ALERT,
    TRIGGER_ACTIONABLE,
    TRIGGER_ACTION,
    DISPLAY_ORDER
  )
  VALUES
  (
    '63DBB0B0-1FA0-42D2-B5FE-4AC36564F43E',
    'Production_Configured',
    'In Progress',
    'In_Progress',
    0,0,0,
    NULL,
    2
  );
INSERT
INTO
  SETUP_OPTION_VALUES
  (
    OPTION_VALUE_ID,
    OPTION_ID,
    DISPLAY_LABEL,
    VALUE,
    DEFAULT_FLAG,
    TRIGGER_ALERT,
    TRIGGER_ACTIONABLE,
    TRIGGER_ACTION,
    DISPLAY_ORDER
  )
  VALUES
  (
    'C7264C4D-D888-48DE-BF8B-4DC5FC6247FD',
    'Production_Configured',
    'Completed - N/A',
    'Completed',
    0,0,0,
    NULL,
    3
  );
INSERT
INTO
  SETUP_OPTION_VALUES
  (
    OPTION_VALUE_ID,
    OPTION_ID,
    DISPLAY_LABEL,
    VALUE,
    DEFAULT_FLAG,
    TRIGGER_ALERT,
    TRIGGER_ACTIONABLE,
    TRIGGER_ACTION,
    DISPLAY_ORDER
  )
  VALUES
  (
    '233AAD26-9A96-4668-93C4-4F16A69FA403',
    'Production_Published',
    'Not Started',
    'Not_Started',
    1,0,0,
    NULL,
    1
  );
INSERT
INTO
  SETUP_OPTION_VALUES
  (
    OPTION_VALUE_ID,
    OPTION_ID,
    DISPLAY_LABEL,
    VALUE,
    DEFAULT_FLAG,
    TRIGGER_ALERT,
    TRIGGER_ACTIONABLE,
    TRIGGER_ACTION,
    DISPLAY_ORDER
  )
  VALUES
  (
    '98989681-5911-43DB-8020-D6F4C9906D62',
    'Production_Published',
    'In Progress',
    'In_Progress',
    0,0,0,
    NULL,
    2
  );
INSERT
INTO
  SETUP_OPTION_VALUES
  (
    OPTION_VALUE_ID,
    OPTION_ID,
    DISPLAY_LABEL,
    VALUE,
    DEFAULT_FLAG,
    TRIGGER_ALERT,
    TRIGGER_ACTIONABLE,
    TRIGGER_ACTION,
    DISPLAY_ORDER
  )
  VALUES
  (
    'B2995F70-6E72-42D8-98C9-39591C4C54BE',
    'Production_Published',
    'Completed - N/A',
    'Completed',
    0,0,0,
    NULL,
    3
  );
INSERT
INTO
  SETUP_OPTION_VALUES
  (
    OPTION_VALUE_ID,
    OPTION_ID,
    DISPLAY_LABEL,
    VALUE,
    DEFAULT_FLAG,
    TRIGGER_ALERT,
    TRIGGER_ACTIONABLE,
    TRIGGER_ACTION,
    DISPLAY_ORDER
  )
  VALUES
  (
    '11201BD8-CDCC-4F06-A739-CC7CB32208FE',
    'Production_Communications_Tested',
    'Not Started',
    'Not_Started',
    1,0,0,
    NULL,
    1
  );
INSERT
INTO
  SETUP_OPTION_VALUES
  (
    OPTION_VALUE_ID,
    OPTION_ID,
    DISPLAY_LABEL,
    VALUE,
    DEFAULT_FLAG,
    TRIGGER_ALERT,
    TRIGGER_ACTIONABLE,
    TRIGGER_ACTION,
    DISPLAY_ORDER
  )
  VALUES
  (
    'C2DC15AA-316F-4F63-AFEB-1963EB4738B3',
    'Production_Communications_Tested',
    'In Progress',
    'In_Progress',
    0,0,0,
    NULL,
    2
  );
INSERT
INTO
  SETUP_OPTION_VALUES
  (
    OPTION_VALUE_ID,
    OPTION_ID,
    DISPLAY_LABEL,
    VALUE,
    DEFAULT_FLAG,
    TRIGGER_ALERT,
    TRIGGER_ACTIONABLE,
    TRIGGER_ACTION,
    DISPLAY_ORDER
  )
  VALUES
  (
    '1F3F63B9-2C5C-4BEC-8666-9147088639C2',
    'Production_Communications_Tested',
    'Completed - N/A',
    'Completed',
    0,0,0,
    NULL,
    3
  );
INSERT
INTO
  SETUP_OPTION_VALUES
  (
    OPTION_VALUE_ID,
    OPTION_ID,
    DISPLAY_LABEL,
    VALUE,
    DEFAULT_FLAG,
    TRIGGER_ALERT,
    TRIGGER_ACTIONABLE,
    TRIGGER_ACTION,
    DISPLAY_ORDER
  )
  VALUES
  (
    'E163366D-EAB4-400D-B683-DE3EDA8D1703',
    'Live_File_Received',
    'Not Started',
    'Not_Started',
    1,0,0,
    NULL,
    1
  );
INSERT
INTO
  SETUP_OPTION_VALUES
  (
    OPTION_VALUE_ID,
    OPTION_ID,
    DISPLAY_LABEL,
    VALUE,
    DEFAULT_FLAG,
    TRIGGER_ALERT,
    TRIGGER_ACTIONABLE,
    TRIGGER_ACTION,
    DISPLAY_ORDER
  )
  VALUES
  (
    '871D8034-BFD2-40AB-AEA1-332C0C10FEB1',
    'Live_File_Received',
    'In Progress',
    'In_Progress',
    0,0,0,
    NULL,
    2
  );
INSERT
INTO
  SETUP_OPTION_VALUES
  (
    OPTION_VALUE_ID,
    OPTION_ID,
    DISPLAY_LABEL,
    VALUE,
    DEFAULT_FLAG,
    TRIGGER_ALERT,
    TRIGGER_ACTIONABLE,
    TRIGGER_ACTION,
    DISPLAY_ORDER
  )
  VALUES
  (
    '4F38ADC8-AC24-4CD6-B1DB-BDCE184CC504',
    'Live_File_Received',
    'Completed - N/A',
    'Completed',
    0,0,0,
    NULL,
    3
  );
INSERT
INTO
  SETUP_OPTION_VALUES
  (
    OPTION_VALUE_ID,
    OPTION_ID,
    DISPLAY_LABEL,
    VALUE,
    DEFAULT_FLAG,
    TRIGGER_ALERT,
    TRIGGER_ACTIONABLE,
    TRIGGER_ACTION,
    DISPLAY_ORDER
  )
  VALUES
  (
    '3C06E22B-62C7-4A45-8BB6-78EBC64EA818',
    'Migration_Status',
    'Identifying',
    'Identifying',
    1,0,0,
    NULL,
    1
  );
INSERT
INTO
  SETUP_OPTION_VALUES
  (
    OPTION_VALUE_ID,
    OPTION_ID,
    DISPLAY_LABEL,
    VALUE,
    DEFAULT_FLAG,
    TRIGGER_ALERT,
    TRIGGER_ACTIONABLE,
    TRIGGER_ACTION,
    DISPLAY_ORDER
  )
  VALUES
  (
    'D9D2C1C2-690E-434F-A983-79B093C5F51A',
    'Migration_Status',
    'Configuring',
    'Configuring',
    0,0,0,
    NULL,
    2
  );
INSERT
INTO
  SETUP_OPTION_VALUES
  (
    OPTION_VALUE_ID,
    OPTION_ID,
    DISPLAY_LABEL,
    VALUE,
    DEFAULT_FLAG,
    TRIGGER_ALERT,
    TRIGGER_ACTIONABLE,
    TRIGGER_ACTION,
    DISPLAY_ORDER
  )
  VALUES
  (
    'DBAAC076-8924-43E0-96A5-4E764CE91DBF',
    'Migration_Status',
    'Testing',
    'Testing',
    0,0,0,
    NULL,
    3
  );
INSERT
INTO
  SETUP_OPTION_VALUES
  (
    OPTION_VALUE_ID,
    OPTION_ID,
    DISPLAY_LABEL,
    VALUE,
    DEFAULT_FLAG,
    TRIGGER_ALERT,
    TRIGGER_ACTIONABLE,
    TRIGGER_ACTION,
    DISPLAY_ORDER
  )
  VALUES
  (
    '24425DB7-5E63-4755-9A76-AA0E84131EC1',
    'Migration_Status',
    'Promoting',
    'Promoting',
    0,0,0,
    NULL,
    4
  );
INSERT
INTO
  SETUP_OPTION_VALUES
  (
    OPTION_VALUE_ID,
    OPTION_ID,
    DISPLAY_LABEL,
    VALUE,
    DEFAULT_FLAG,
    TRIGGER_ALERT,
    TRIGGER_ACTIONABLE,
    TRIGGER_ACTION,
    DISPLAY_ORDER
  )
  VALUES
  (
    '83F36499-322E-4CB3-8424-2A116C44F480',
    'Migration_Status',
    'Completed - N/A',
    'Completed',
    0,0,0,
    NULL,
    5
  );
INSERT
INTO
  SETUP_OPTION_VALUES
  (
    OPTION_VALUE_ID,
    OPTION_ID,
    DISPLAY_LABEL,
    VALUE,
    DEFAULT_FLAG,
    TRIGGER_ALERT,
    TRIGGER_ACTIONABLE,
    TRIGGER_ACTION,
    DISPLAY_ORDER
  )
  VALUES
  (
    '906664AD-10CA-4DDE-82DC-5F4DD272521C',
    'Migration_Status',
    'Held',
    'Held',
    0,0,0,
    NULL,
    6
  ) ;
ALTER TABLE SETUP_OPTION_VALUES ADD CONSTRAINT SETUP_OPTION_VALUES_PK PRIMARY
KEY ( OPTION_VALUE_ID ) ;


CREATE
  TABLE SETUP_PARAM_OPTION
  (
    OPTION_ID   VARCHAR2 (200 CHAR) NOT NULL ,
    OPTION_NAME VARCHAR2 (200 CHAR) NOT NULL
  ) ;
INSERT
INTO
  SETUP_PARAM_OPTION
  (
    OPTION_ID,
    OPTION_NAME
  )
  VALUES
  (
    'ConnectionType',
    'FTP Connection Type'
  );
INSERT
INTO
  SETUP_PARAM_OPTION
  (
    OPTION_ID,
    OPTION_NAME
  )
  VALUES
  (
    '86C8721E-5628-4193-9A92-B85BD0737783',
    'Keyword Type'
  );
INSERT
INTO
  SETUP_PARAM_OPTION
  (
    OPTION_ID,
    OPTION_NAME
  )
  VALUES
  (
    'PutMode',
    'FTP Put Mode'
  );
INSERT
INTO
  SETUP_PARAM_OPTION
  (
    OPTION_ID,
    OPTION_NAME
  )
  VALUES
  (
    'YESNO',
    'YES NO'
  );
INSERT
INTO
  SETUP_PARAM_OPTION
  (
    OPTION_ID,
    OPTION_NAME
  )
  VALUES
  (
    'TaskJob',
    'C:D Task or Job'
  );
INSERT
INTO
  SETUP_PARAM_OPTION
  (
    OPTION_ID,
    OPTION_NAME
  )
  VALUES
  (
    'XSLTInput',
    'XML Input From'
  );
INSERT
INTO
  SETUP_PARAM_OPTION
  (
    OPTION_ID,
    OPTION_NAME
  )
  VALUES
  (
    'ProducerMailboxPrepend',
    'ProducerMailboxPrepend'
  );
INSERT
INTO
  SETUP_PARAM_OPTION
  (
    OPTION_ID,
    OPTION_NAME
  )
  VALUES
  (
    '6ccad91f-b51e-40b0-9bd1-ae3212302a5a',
    'FTP Location'
  );
INSERT
INTO
  SETUP_PARAM_OPTION
  (
    OPTION_ID,
    OPTION_NAME
  )
  VALUES
  (
    '2e590973-f9a2-4920-9ea8-bcfc85f24e0d',
    'Passive or Active'
  );
INSERT
INTO
  SETUP_PARAM_OPTION
  (
    OPTION_ID,
    OPTION_NAME
  )
  VALUES
  (
    '1c7758a9-ea1e-452e-bfb2-f182ac5c5111',
    'ASCII or BINARY'
  );
INSERT
INTO
  SETUP_PARAM_OPTION
  (
    OPTION_ID,
    OPTION_NAME
  )
  VALUES
  (
    'fe0b87a9-8903-4fbe-96dd-defaa7409735',
    'FTPs SSL Negotiation'
  );
INSERT
INTO
  SETUP_PARAM_OPTION
  (
    OPTION_ID,
    OPTION_NAME
  )
  VALUES
  (
    '1f409d44-e3ff-465c-a7dc-00514c48b579',
    'FTPs Cipher Strength'
  );
INSERT
INTO
  SETUP_PARAM_OPTION
  (
    OPTION_ID,
    OPTION_NAME
  )
  VALUES
  (
    'e6386ba5-725a-4e49-8cde-51093e71a08c',
    'Clear Control Channel'
  );
INSERT
INTO
  SETUP_PARAM_OPTION
  (
    OPTION_ID,
    OPTION_NAME
  )
  VALUES
  (
    '27e028d7-2a07-483d-b4fd-43c3cbfdb988',
    'Internal or External'
  );
INSERT
INTO
  SETUP_PARAM_OPTION
  (
    OPTION_ID,
    OPTION_NAME
  )
  VALUES
  (
    '5b2617fa-779d-433d-bf56-994c5d9cb67b',
    'Extractability Type'
  );
INSERT
INTO
  SETUP_PARAM_OPTION
  (
    OPTION_ID,
    OPTION_NAME
  )
  VALUES
  (
    '031bfec4-3ef0-4673-b7d3-9c7479a1ef95',
    'Internal or External'
  );
INSERT
INTO
  SETUP_PARAM_OPTION
  (
    OPTION_ID,
    OPTION_NAME
  )
  VALUES
  (
    '023d0c08-158d-446c-8dca-5c967ae7a631',
    'Merge All Documents Retrieved'
  );
INSERT
INTO
  SETUP_PARAM_OPTION
  (
    OPTION_ID,
    OPTION_NAME
  )
  VALUES
  (
    '0ef0bf05-93e0-456c-b096-a0313713037f',
    'Delete Files after Pickup'
  );
INSERT
INTO
  SETUP_PARAM_OPTION
  (
    OPTION_ID,
    OPTION_NAME
  )
  VALUES
  (
    'Assigned_To',
    'Assigned To:'
  );
INSERT
INTO
  SETUP_PARAM_OPTION
  (
    OPTION_ID,
    OPTION_NAME
  )
  VALUES
  (
    'Customer_Initiated',
    'Customer Initiated?'
  );
INSERT
INTO
  SETUP_PARAM_OPTION
  (
    OPTION_ID,
    OPTION_NAME
  )
  VALUES
  (
    'Hold_Reason',
    'Hold Reason'
  );
INSERT
INTO
  SETUP_PARAM_OPTION
  (
    OPTION_ID,
    OPTION_NAME
  )
  VALUES
  (
    'Wave',
    'Wave'
  );
INSERT
INTO
  SETUP_PARAM_OPTION
  (
    OPTION_ID,
    OPTION_NAME
  )
  VALUES
  (
    'Partner_Added',
    'Partner Added'
  );
INSERT
INTO
  SETUP_PARAM_OPTION
  (
    OPTION_ID,
    OPTION_NAME
  )
  VALUES
  (
    'Partner_Contacted',
    'Partner Contacted'
  );
INSERT
INTO
  SETUP_PARAM_OPTION
  (
    OPTION_ID,
    OPTION_NAME
  )
  VALUES
  (
    'Welcome_Packet_Sent',
    'Welcome Packet Sent'
  );
INSERT
INTO
  SETUP_PARAM_OPTION
  (
    OPTION_ID,
    OPTION_NAME
  )
  VALUES
  (
    'Communications_Setup',
    'Communications Setup'
  );
INSERT
INTO
  SETUP_PARAM_OPTION
  (
    OPTION_ID,
    OPTION_NAME
  )
  VALUES
  (
    'LDAP_Setup',
    'Lightweight Directory Access Protocol (LDAP) Setup'
  );
INSERT
INTO
  SETUP_PARAM_OPTION
  (
    OPTION_ID,
    OPTION_NAME
  )
  VALUES
  (
    'Firewall_Configured',
    'FIrewall Configured'
  );
INSERT
INTO
  SETUP_PARAM_OPTION
  (
    OPTION_ID,
    OPTION_NAME
  )
  VALUES
  (
    'Customer_Firewall_Configured',
    'Customer/Remote Firewall Configured'
  );
INSERT
INTO
  SETUP_PARAM_OPTION
  (
    OPTION_ID,
    OPTION_NAME
  )
  VALUES
  (
    'Authentication_Certificate_Created',
    'Authentication Certificate Created'
  );
INSERT
INTO
  SETUP_PARAM_OPTION
  (
    OPTION_ID,
    OPTION_NAME
  )
  VALUES
  (
    'Encryption_Certificate_Created',
    'Encryption Certificate Created'
  );
INSERT
INTO
  SETUP_PARAM_OPTION
  (
    OPTION_ID,
    OPTION_NAME
  )
  VALUES
  (
    'User_Account_Password_Created',
    'User Account/Password Created'
  );
INSERT
INTO
  SETUP_PARAM_OPTION
  (
    OPTION_ID,
    OPTION_NAME
  )
  VALUES
  (
    'QA_Communications_Testing',
    'QA Communications Testing'
  );
INSERT
INTO
  SETUP_PARAM_OPTION
  (
    OPTION_ID,
    OPTION_NAME
  )
  VALUES
  (
    'QA_Data_Format',
    'QA Data Format tests'
  );
INSERT
INTO
  SETUP_PARAM_OPTION
  (
    OPTION_ID,
    OPTION_NAME
  )
  VALUES
  (
    'Production_Configured',
    'Production Configuration'
  );
INSERT
INTO
  SETUP_PARAM_OPTION
  (
    OPTION_ID,
    OPTION_NAME
  )
  VALUES
  (
    'Production_Published',
    'Production Publication'
  );
INSERT
INTO
  SETUP_PARAM_OPTION
  (
    OPTION_ID,
    OPTION_NAME
  )
  VALUES
  (
    'Production_Communications_Tested',
    'Production Communications Tested'
  );
INSERT
INTO
  SETUP_PARAM_OPTION
  (
    OPTION_ID,
    OPTION_NAME
  )
  VALUES
  (
    'Live_File_Received',
    'Live File Received'
  );
INSERT
INTO
  SETUP_PARAM_OPTION
  (
    OPTION_ID,
    OPTION_NAME
  )
  VALUES
  (
    'Migration_Status',
    'Migration Status'
  ) ;
ALTER TABLE SETUP_PARAM_OPTION ADD CONSTRAINT SETUP_OPTIONS_PK PRIMARY KEY (
OPTION_ID ) ;


CREATE
  TABLE SETUP_PROCESSES
  (
    SETUP_PROCESS_ID VARCHAR2 (200 CHAR) NOT NULL ,
    PROCESS_NAME     VARCHAR2 (200 CHAR) NOT NULL ,
    ENABLE_FLAG      INTEGER DEFAULT 1 NOT NULL
  ) ;
INSERT
INTO
  SETUP_PROCESSES
  (
    SETUP_PROCESS_ID,
    PROCESS_NAME
  )
  VALUES
  (
    '7EE57C07-0A26-4AB8-B7ED-F90047B79034',
    'OPTx_Process_Convert_Encoding'
  );
INSERT
INTO
  SETUP_PROCESSES
  (
    SETUP_PROCESS_ID,
    PROCESS_NAME
  )
  VALUES
  (
    '0D70B3A1-3298-4CE3-AEA8-B7679F19B7C4',
    'OPTx_Process_Rename_File'
  );
INSERT
INTO
  SETUP_PROCESSES
  (
    SETUP_PROCESS_ID,
    PROCESS_NAME
  )
  VALUES
  (
    'BA3A379E-2ACD-42D6-8E3A-82E54EAFF697',
    'OPTx_Process_DOS_to_UNIX'
  );
INSERT
INTO
  SETUP_PROCESSES
  (
    SETUP_PROCESS_ID,
    PROCESS_NAME
  )
  VALUES
  (
    '85A6E0E4-7F66-4FDF-A220-B4B2417D82B6',
    'OPTx_Process_GPG_Decrypt'
  );
INSERT
INTO
  SETUP_PROCESSES
  (
    SETUP_PROCESS_ID,
    PROCESS_NAME
  )
  VALUES
  (
    'BF79DCB7-E5B7-4267-81D3-BE66FC5DD5C1',
    'OPTx_Process_GPG_Encrypt'
  );
INSERT
INTO
  SETUP_PROCESSES
  (
    SETUP_PROCESS_ID,
    PROCESS_NAME
  )
  VALUES
  (
    '106AE5FC-67A5-4062-ADC2-DFAD5F75A12D',
    'OPTx_Process_Keyword_Replace'
  );
INSERT
INTO
  SETUP_PROCESSES
  (
    SETUP_PROCESS_ID,
    PROCESS_NAME
  )
  VALUES
  (
    'C5853C76-9B95-45A8-BB90-DE279F4B3A22',
    'OPTx_Process_PGP_Decrypt'
  );
INSERT
INTO
  SETUP_PROCESSES
  (
    SETUP_PROCESS_ID,
    PROCESS_NAME
  )
  VALUES
  (
    '48064297-E39B-48BA-B619-56FFB0CB7217',
    'OPTx_Process_PGP_Encrypt'
  );
INSERT
INTO
  SETUP_PROCESSES
  (
    SETUP_PROCESS_ID,
    PROCESS_NAME
  )
  VALUES
  (
    'D67BDBE8-F29B-4E10-B667-6618011C01FA',
    'OPTx_Process_Translate'
  );
INSERT
INTO
  SETUP_PROCESSES
  (
    SETUP_PROCESS_ID,
    PROCESS_NAME
  )
  VALUES
  (
    'C44BA40D-893E-48EF-BE4B-7B9DF70DC951',
    'OPTx_Process_UNIX_to_DOS'
  );
INSERT
INTO
  SETUP_PROCESSES
  (
    SETUP_PROCESS_ID,
    PROCESS_NAME
  )
  VALUES
  (
    'EF7CE537-8E08-4E45-A4EE-12B106B1C750',
    'OPTx_Process_UnZip_Uncompress'
  );
INSERT
INTO
  SETUP_PROCESSES
  (
    SETUP_PROCESS_ID,
    PROCESS_NAME
  )
  VALUES
  (
    '963689E9-33F3-45F1-8347-AA717E2F33D6',
    'OPTx_Process_XSLT'
  );
INSERT
INTO
  SETUP_PROCESSES
  (
    SETUP_PROCESS_ID,
    PROCESS_NAME
  )
  VALUES
  (
    '3C24D48B-184C-4AED-90CC-22A26ADF87FB',
    'OPTx_Process_Zip_Compress'
  );
INSERT
INTO
  SETUP_PROCESSES
  (
    SETUP_PROCESS_ID,
    PROCESS_NAME
  )
  VALUES
  (
    '0BA4D106-5642-423E-A0DC-D7B042A6DD56',
    'OPTx_Process_Copy_File'
  );
INSERT
INTO
  SETUP_PROCESSES
  (
    SETUP_PROCESS_ID,
    PROCESS_NAME
  )
  VALUES
  (
    '4ED30D6A-DB59-43BF-9EFA-3BBF458FC35A',
    'OPTx_Process_BlockedToStreamed'
  );
INSERT
INTO
  SETUP_PROCESSES
  (
    SETUP_PROCESS_ID,
    PROCESS_NAME
  )
  VALUES
  (
    '2AA34231-1D12-450F-8948-8756240E83EA',
    'OPTx_Process_StreamedToBlocked'
  );
INSERT
INTO
  SETUP_PROCESSES
  (
    SETUP_PROCESS_ID,
    PROCESS_NAME
  )
  VALUES
  (
    '16F80547-D72A-455D-9CA3-A19DD33F66A4',
    'OPTx_Process_CLA_Script'
  ) ;
ALTER TABLE SETUP_PROCESSES ADD CONSTRAINT SETUP_PROCESSES_PK PRIMARY KEY (
SETUP_PROCESS_ID ) ;


CREATE
  TABLE SETUP_PROCESS_PARAMS
  (
    SETUP_PROCESS_PARAM_ID VARCHAR2 (200 CHAR) NOT NULL ,
    SETUP_PROCESS_ID       VARCHAR2 (200 CHAR) NOT NULL ,
    PARAM_NAME             VARCHAR2 (200 CHAR) NOT NULL ,
    INPUT_ORDER            INTEGER NOT NULL ,
    INPUT_LABEL            VARCHAR2 (200 CHAR) NOT NULL ,
    INPUT_HELP_INFO        VARCHAR2 (2000 CHAR) ,
    INPUT_TYPE             VARCHAR2 (200 CHAR) NOT NULL ,
    INPUT_VALIDATION       VARCHAR2 (200 CHAR) ,
    DEFAULT_VALUE          VARCHAR2 (200 CHAR) ,
    REQUIRED_FLAG          INTEGER DEFAULT 0 NOT NULL ,
    SENSITIVE_FLAG         INTEGER DEFAULT 0 NOT NULL ,
    OPTION_ID              VARCHAR2 (200 CHAR) ,
    SETUP_LINK_URI         VARCHAR2 (500 CHAR) ,
    SETUP_LINK_LABEL       VARCHAR2 (200 CHAR)
  ) ;
-- OPTx_Process_Convert_Encoding
INSERT
INTO
  SETUP_PROCESS_PARAMS
  (
    SETUP_PROCESS_PARAM_ID,
    SETUP_PROCESS_ID,
    PARAM_NAME,
    INPUT_ORDER,
    INPUT_LABEL,
    INPUT_HELP_INFO,
    INPUT_TYPE,
    INPUT_VALIDATION,
    DEFAULT_VALUE,
    REQUIRED_FLAG,
    SENSITIVE_FLAG,
    OPTION_ID
  )
  VALUES
  (
    'DB424E3B-C664-4F41-AEA8-2EC303F9FE61',
    '7EE57C07-0A26-4AB8-B7ED-F90047B79034',
    'INPUT_ENCODING',
    1,
    'Input Encoding',
    'The Input file''s starting code page (e.g. UTF-8, cp1252, etc)',
    'text',
    '.+',
    NULL,
    '1',
    '0',
    NULL
  );
INSERT
INTO
  SETUP_PROCESS_PARAMS
  (
    SETUP_PROCESS_PARAM_ID,
    SETUP_PROCESS_ID,
    PARAM_NAME,
    INPUT_ORDER,
    INPUT_LABEL,
    INPUT_HELP_INFO,
    INPUT_TYPE,
    INPUT_VALIDATION,
    DEFAULT_VALUE,
    REQUIRED_FLAG,
    SENSITIVE_FLAG,
    OPTION_ID
  )
  VALUES
  (
    '917E2DFE-3177-40F9-98CE-92EC2020EC94',
    '7EE57C07-0A26-4AB8-B7ED-F90047B79034',
    'OUTPUT_ENCODING',
    2,
    'Output Encoding',
    'The code page to convert the file to. (e.g. UTF-8, cp1252, etc)',
    'text',
    '.+',
    NULL,
    '1',
    '0',
    NULL
  );
-- OPTx_Process_Rename_File
INSERT
INTO
  SETUP_PROCESS_PARAMS
  (
    SETUP_PROCESS_PARAM_ID,
    SETUP_PROCESS_ID,
    PARAM_NAME,
    INPUT_ORDER,
    INPUT_LABEL,
    INPUT_HELP_INFO,
    INPUT_TYPE,
    INPUT_VALIDATION,
    DEFAULT_VALUE,
    REQUIRED_FLAG,
    SENSITIVE_FLAG,
    OPTION_ID
  )
  VALUES
  (
    '32BC9036-E5C1-4AFB-B788-EDB2A76608ED',
    '0D70B3A1-3298-4CE3-AEA8-B7679F19B7C4',
    'FILE_NAME_MASK',
    1,
    'File Name Mask',
    'The file name mask using the following Tokens: $ProducerFilename, $ProducerName, $ProducerCode, $ProducerSubMailbox, $Timestamp, $ConsumerName, $ConsumerCode, $CaptureGroup1, $CaptureGroup2, $CaptureGroup3, $CustomXpath, $CustomXpath2, $WFID'
    ,
    'text',
    '.+',
    NULL,
    '1',
    '0',
    NULL
  );
INSERT
INTO
  SETUP_PROCESS_PARAMS
  (
    SETUP_PROCESS_PARAM_ID,
    SETUP_PROCESS_ID,
    PARAM_NAME,
    INPUT_ORDER,
    INPUT_LABEL,
    INPUT_HELP_INFO,
    INPUT_TYPE,
    INPUT_VALIDATION,
    DEFAULT_VALUE,
    REQUIRED_FLAG,
    SENSITIVE_FLAG,
    OPTION_ID
  )
  VALUES
  (
    '1941669D-2306-4E73-B60C-67976EF20147',
    '0D70B3A1-3298-4CE3-AEA8-B7679F19B7C4',
    'TIMESTAMP_FORMAT',
    2,
    'Timestamp Format',
    'Any Java SimpleDateFormat as described by http://docs.oracle.com/javase/6/docs/api/java/text/SimpleDateFormat.html'
    ,
    'text',
    '.+',
    'yyyyMMddHHmmss',
    '0',
    '0',
    NULL
  );
INSERT
INTO
  SETUP_PROCESS_PARAMS
  (
    SETUP_PROCESS_PARAM_ID,
    SETUP_PROCESS_ID,
    PARAM_NAME,
    INPUT_ORDER,
    INPUT_LABEL,
    INPUT_HELP_INFO,
    INPUT_TYPE,
    INPUT_VALIDATION,
    DEFAULT_VALUE,
    REQUIRED_FLAG,
    SENSITIVE_FLAG,
    OPTION_ID
  )
  VALUES
  (
    '5ADD3F41-2E29-4802-9130-73F1ECD3EC88',
    '0D70B3A1-3298-4CE3-AEA8-B7679F19B7C4',
    'CUSTOM_XPATH1',
    3,
    'XPath1',
    'XPath that runs against ProcessData and replaces the $CustomXpath token',
    'text',
    '.+',
    NULL,
    '0',
    '0',
    NULL
  );
INSERT
INTO
  SETUP_PROCESS_PARAMS
  (
    SETUP_PROCESS_PARAM_ID,
    SETUP_PROCESS_ID,
    PARAM_NAME,
    INPUT_ORDER,
    INPUT_LABEL,
    INPUT_HELP_INFO,
    INPUT_TYPE,
    INPUT_VALIDATION,
    DEFAULT_VALUE,
    REQUIRED_FLAG,
    SENSITIVE_FLAG,
    OPTION_ID
  )
  VALUES
  (
    'A312AADB-E292-41E3-9FC9-6AEDFFCA90E2',
    '0D70B3A1-3298-4CE3-AEA8-B7679F19B7C4',
    'CUSTOM_XPATH2',
    4,
    'XPath2',
    'XPath that runs against ProcessData and replaces the $CustomXpath2 token',
    'text',
    '.+',
    NULL,
    '0',
    '0',
    NULL
  );
-- OPTx_Process_DOS_to_UNIX
-- No Params
-- OPTx_Process_GPG_Decrypt
INSERT
INTO
  SETUP_PROCESS_PARAMS
  (
    SETUP_PROCESS_PARAM_ID,
    SETUP_PROCESS_ID,
    PARAM_NAME,
    INPUT_ORDER,
    INPUT_LABEL,
    INPUT_HELP_INFO,
    INPUT_TYPE,
    INPUT_VALIDATION,
    DEFAULT_VALUE,
    REQUIRED_FLAG,
    SENSITIVE_FLAG,
    OPTION_ID
  )
  VALUES
  (
    'BCC01127-B576-4D11-90E6-01914B729669',
    '85A6E0E4-7F66-4FDF-A220-B4B2417D82B6',
    'PASSPHRASE',
    1,
    'GPG Decrypt Passphrase',
    'Passphrase used for decrypting the file',
    'text',
    '.+',
    NULL,
    '1',
    '1',
    NULL
  );
-- OPTx_Process_GPG_Encrypt
INSERT
INTO
  SETUP_PROCESS_PARAMS
  (
    SETUP_PROCESS_PARAM_ID,
    SETUP_PROCESS_ID,
    PARAM_NAME,
    INPUT_ORDER,
    INPUT_LABEL,
    INPUT_HELP_INFO,
    INPUT_TYPE,
    INPUT_VALIDATION,
    DEFAULT_VALUE,
    REQUIRED_FLAG,
    SENSITIVE_FLAG,
    OPTION_ID
  )
  VALUES
  (
    '8574AA12-707B-4810-834C-D7CF7B969FAA',
    'BF79DCB7-E5B7-4267-81D3-BE66FC5DD5C1',
    'KEY_EMAIL',
    1,
    'GPG Encrypt Key Email',
    'Email address associated with the GPG key',
    'text',
    '.+',
    NULL,
    '1',
    '0',
    NULL
  );
-- OPTx_Process_Keyword_Replace
INSERT
INTO
  SETUP_PROCESS_PARAMS
  (
    SETUP_PROCESS_PARAM_ID,
    SETUP_PROCESS_ID,
    PARAM_NAME,
    INPUT_ORDER,
    INPUT_LABEL,
    INPUT_HELP_INFO,
    INPUT_TYPE,
    INPUT_VALIDATION,
    DEFAULT_VALUE,
    REQUIRED_FLAG,
    SENSITIVE_FLAG,
    OPTION_ID
  )
  VALUES
  (
    '8B7F498D-A49E-4C1A-BB45-4A2132505114',
    '106AE5FC-67A5-4062-ADC2-DFAD5F75A12D',
    'KEYWORD1',
    1,
    'Keyword 1',
    'Search for?',
    'text',
    '.+',
    NULL,
    '1',
    '0',
    NULL
  );
INSERT
INTO
  SETUP_PROCESS_PARAMS
  (
    SETUP_PROCESS_PARAM_ID,
    SETUP_PROCESS_ID,
    PARAM_NAME,
    INPUT_ORDER,
    INPUT_LABEL,
    INPUT_HELP_INFO,
    INPUT_TYPE,
    INPUT_VALIDATION,
    DEFAULT_VALUE,
    REQUIRED_FLAG,
    SENSITIVE_FLAG,
    OPTION_ID
  )
  VALUES
  (
    '688DB17D-0E54-43CC-9676-D728AFF1E541',
    '106AE5FC-67A5-4062-ADC2-DFAD5F75A12D',
    'REPLACE1',
    2,
    'Replace 1',
    'Replace with?',
    'text',
    '.+',
    NULL,
    '0',
    '0',
    NULL
  );
INSERT
INTO
  SETUP_PROCESS_PARAMS
  (
    SETUP_PROCESS_PARAM_ID,
    SETUP_PROCESS_ID,
    PARAM_NAME,
    INPUT_ORDER,
    INPUT_LABEL,
    INPUT_HELP_INFO,
    INPUT_TYPE,
    INPUT_VALIDATION,
    DEFAULT_VALUE,
    REQUIRED_FLAG,
    SENSITIVE_FLAG,
    OPTION_ID
  )
  VALUES
  (
    '21C4DBB7-55A7-43D8-B0DC-2FEDEF2DAD96',
    '106AE5FC-67A5-4062-ADC2-DFAD5F75A12D',
    'KEYWORDTYPE1',
    3,
    'Keyword Type 1',
    'Search type is "string" or "hex"?',
    'radio',
    '(string|hex)',
    NULL,
    '1',
    '0',
    '86C8721E-5628-4193-9A92-B85BD0737783'
  );
INSERT
INTO
  SETUP_PROCESS_PARAMS
  (
    SETUP_PROCESS_PARAM_ID,
    SETUP_PROCESS_ID,
    PARAM_NAME,
    INPUT_ORDER,
    INPUT_LABEL,
    INPUT_HELP_INFO,
    INPUT_TYPE,
    INPUT_VALIDATION,
    DEFAULT_VALUE,
    REQUIRED_FLAG,
    SENSITIVE_FLAG,
    OPTION_ID
  )
  VALUES
  (
    '2B045361-2003-416E-8C52-CCFDFEAEC483',
    '106AE5FC-67A5-4062-ADC2-DFAD5F75A12D',
    'REPLACETYPE1',
    4,
    'Replace Type 1',
    'Replace with type is "string" or "hex"?',
    'radio',
    '(string|hex)',
    NULL,
    '1',
    '0',
    '86C8721E-5628-4193-9A92-B85BD0737783'
  );
INSERT
INTO
  SETUP_PROCESS_PARAMS
  (
    SETUP_PROCESS_PARAM_ID,
    SETUP_PROCESS_ID,
    PARAM_NAME,
    INPUT_ORDER,
    INPUT_LABEL,
    INPUT_HELP_INFO,
    INPUT_TYPE,
    INPUT_VALIDATION,
    DEFAULT_VALUE,
    REQUIRED_FLAG,
    SENSITIVE_FLAG,
    OPTION_ID
  )
  VALUES
  (
    'D044B948-2BBB-4B78-AE24-227D8CB860A5',
    '106AE5FC-67A5-4062-ADC2-DFAD5F75A12D',
    'KEYWORD2',
    5,
    'Keyword 2',
    'Search for?',
    'text',
    '.+',
    NULL,
    '0',
    '0',
    NULL
  );
INSERT
INTO
  SETUP_PROCESS_PARAMS
  (
    SETUP_PROCESS_PARAM_ID,
    SETUP_PROCESS_ID,
    PARAM_NAME,
    INPUT_ORDER,
    INPUT_LABEL,
    INPUT_HELP_INFO,
    INPUT_TYPE,
    INPUT_VALIDATION,
    DEFAULT_VALUE,
    REQUIRED_FLAG,
    SENSITIVE_FLAG,
    OPTION_ID
  )
  VALUES
  (
    '9582FEEB-C8B0-4DE9-ACC2-0B4541D03C57',
    '106AE5FC-67A5-4062-ADC2-DFAD5F75A12D',
    'REPLACE2',
    6,
    'Replace 2',
    'Replace with?',
    'text',
    '.+',
    NULL,
    '0',
    '0',
    NULL
  );
INSERT
INTO
  SETUP_PROCESS_PARAMS
  (
    SETUP_PROCESS_PARAM_ID,
    SETUP_PROCESS_ID,
    PARAM_NAME,
    INPUT_ORDER,
    INPUT_LABEL,
    INPUT_HELP_INFO,
    INPUT_TYPE,
    INPUT_VALIDATION,
    DEFAULT_VALUE,
    REQUIRED_FLAG,
    SENSITIVE_FLAG,
    OPTION_ID
  )
  VALUES
  (
    'C4728012-2898-4A52-B838-0C3E4E6758BF',
    '106AE5FC-67A5-4062-ADC2-DFAD5F75A12D',
    'KEYWORDTYPE2',
    7,
    'Keyword Type 2',
    'Search type is "string" or "hex"?',
    'radio',
    '(string|hex)',
    NULL,
    '0',
    '0',
    '86C8721E-5628-4193-9A92-B85BD0737783'
  );
INSERT
INTO
  SETUP_PROCESS_PARAMS
  (
    SETUP_PROCESS_PARAM_ID,
    SETUP_PROCESS_ID,
    PARAM_NAME,
    INPUT_ORDER,
    INPUT_LABEL,
    INPUT_HELP_INFO,
    INPUT_TYPE,
    INPUT_VALIDATION,
    DEFAULT_VALUE,
    REQUIRED_FLAG,
    SENSITIVE_FLAG,
    OPTION_ID
  )
  VALUES
  (
    '5AA6AC61-94C5-4A7E-8969-F1B166617AA5',
    '106AE5FC-67A5-4062-ADC2-DFAD5F75A12D',
    'REPLACETYPE2',
    8,
    'Replace Type 2',
    'Replace with type is "string" or "hex"?',
    'radio',
    '(string|hex)',
    NULL,
    '0',
    '0',
    '86C8721E-5628-4193-9A92-B85BD0737783'
  );
INSERT
INTO
  SETUP_PROCESS_PARAMS
  (
    SETUP_PROCESS_PARAM_ID,
    SETUP_PROCESS_ID,
    PARAM_NAME,
    INPUT_ORDER,
    INPUT_LABEL,
    INPUT_HELP_INFO,
    INPUT_TYPE,
    INPUT_VALIDATION,
    DEFAULT_VALUE,
    REQUIRED_FLAG,
    SENSITIVE_FLAG,
    OPTION_ID
  )
  VALUES
  (
    'AECFC9D9-BEEE-448E-A753-2242C8414D23',
    '106AE5FC-67A5-4062-ADC2-DFAD5F75A12D',
    'KEYWORD3',
    9,
    'Keyword 3',
    'Search for?',
    'text',
    '.+',
    NULL,
    '0',
    '0',
    NULL
  );
INSERT
INTO
  SETUP_PROCESS_PARAMS
  (
    SETUP_PROCESS_PARAM_ID,
    SETUP_PROCESS_ID,
    PARAM_NAME,
    INPUT_ORDER,
    INPUT_LABEL,
    INPUT_HELP_INFO,
    INPUT_TYPE,
    INPUT_VALIDATION,
    DEFAULT_VALUE,
    REQUIRED_FLAG,
    SENSITIVE_FLAG,
    OPTION_ID
  )
  VALUES
  (
    '4611F7EB-7D50-4A75-B03B-2B5A66EE7792',
    '106AE5FC-67A5-4062-ADC2-DFAD5F75A12D',
    'REPLACE3',
    10,
    'Replace 3',
    'Replace with?',
    'text',
    '.+',
    NULL,
    '0',
    '0',
    NULL
  );
INSERT
INTO
  SETUP_PROCESS_PARAMS
  (
    SETUP_PROCESS_PARAM_ID,
    SETUP_PROCESS_ID,
    PARAM_NAME,
    INPUT_ORDER,
    INPUT_LABEL,
    INPUT_HELP_INFO,
    INPUT_TYPE,
    INPUT_VALIDATION,
    DEFAULT_VALUE,
    REQUIRED_FLAG,
    SENSITIVE_FLAG,
    OPTION_ID
  )
  VALUES
  (
    '59FD7A0B-FB6B-468D-9FA2-94E3F41C2137',
    '106AE5FC-67A5-4062-ADC2-DFAD5F75A12D',
    'KEYWORDTYPE3',
    11,
    'Keyword Type 3',
    'Search type is "string" or "hex"?',
    'radio',
    '(string|hex)',
    NULL,
    '0',
    '0',
    '86C8721E-5628-4193-9A92-B85BD0737783'
  );
INSERT
INTO
  SETUP_PROCESS_PARAMS
  (
    SETUP_PROCESS_PARAM_ID,
    SETUP_PROCESS_ID,
    PARAM_NAME,
    INPUT_ORDER,
    INPUT_LABEL,
    INPUT_HELP_INFO,
    INPUT_TYPE,
    INPUT_VALIDATION,
    DEFAULT_VALUE,
    REQUIRED_FLAG,
    SENSITIVE_FLAG,
    OPTION_ID
  )
  VALUES
  (
    '290A7A1E-488B-4FB8-AAFB-658E6520F492',
    '106AE5FC-67A5-4062-ADC2-DFAD5F75A12D',
    'REPLACETYPE3',
    12,
    'Replace Type 3',
    'Replace with type is "string" or "hex"?',
    'radio',
    '(string|hex)',
    NULL,
    '0',
    '0',
    '86C8721E-5628-4193-9A92-B85BD0737783'
  );
INSERT
INTO
  SETUP_PROCESS_PARAMS
  (
    SETUP_PROCESS_PARAM_ID,
    SETUP_PROCESS_ID,
    PARAM_NAME,
    INPUT_ORDER,
    INPUT_LABEL,
    INPUT_HELP_INFO,
    INPUT_TYPE,
    INPUT_VALIDATION,
    DEFAULT_VALUE,
    REQUIRED_FLAG,
    SENSITIVE_FLAG,
    OPTION_ID
  )
  VALUES
  (
    '38A2A2AB-F804-4C6C-8860-B3D78DE13631',
    '106AE5FC-67A5-4062-ADC2-DFAD5F75A12D',
    'KEYWORD4',
    13,
    'Keyword 4',
    'Search for?',
    'text',
    '.+',
    NULL,
    '0',
    '0',
    NULL
  );
INSERT
INTO
  SETUP_PROCESS_PARAMS
  (
    SETUP_PROCESS_PARAM_ID,
    SETUP_PROCESS_ID,
    PARAM_NAME,
    INPUT_ORDER,
    INPUT_LABEL,
    INPUT_HELP_INFO,
    INPUT_TYPE,
    INPUT_VALIDATION,
    DEFAULT_VALUE,
    REQUIRED_FLAG,
    SENSITIVE_FLAG,
    OPTION_ID
  )
  VALUES
  (
    'BF58B8A5-EC05-4A9B-A8D6-70F46DFA7C74',
    '106AE5FC-67A5-4062-ADC2-DFAD5F75A12D',
    'REPLACE4',
    14,
    'Replace 4',
    'Replace with?',
    'text',
    '.+',
    NULL,
    '0',
    '0',
    NULL
  );
INSERT
INTO
  SETUP_PROCESS_PARAMS
  (
    SETUP_PROCESS_PARAM_ID,
    SETUP_PROCESS_ID,
    PARAM_NAME,
    INPUT_ORDER,
    INPUT_LABEL,
    INPUT_HELP_INFO,
    INPUT_TYPE,
    INPUT_VALIDATION,
    DEFAULT_VALUE,
    REQUIRED_FLAG,
    SENSITIVE_FLAG,
    OPTION_ID
  )
  VALUES
  (
    '5550A9FE-B046-40A7-A4B3-0B01593B77C4',
    '106AE5FC-67A5-4062-ADC2-DFAD5F75A12D',
    'KEYWORDTYPE4',
    15,
    'Keyword Type 4',
    'Search type is "string" or "hex"?',
    'radio',
    '(string|hex)',
    NULL,
    '0',
    '0',
    '86C8721E-5628-4193-9A92-B85BD0737783'
  );
INSERT
INTO
  SETUP_PROCESS_PARAMS
  (
    SETUP_PROCESS_PARAM_ID,
    SETUP_PROCESS_ID,
    PARAM_NAME,
    INPUT_ORDER,
    INPUT_LABEL,
    INPUT_HELP_INFO,
    INPUT_TYPE,
    INPUT_VALIDATION,
    DEFAULT_VALUE,
    REQUIRED_FLAG,
    SENSITIVE_FLAG,
    OPTION_ID
  )
  VALUES
  (
    'F3DDF0B2-9613-4DC0-9819-4250F9D960AC',
    '106AE5FC-67A5-4062-ADC2-DFAD5F75A12D',
    'REPLACETYPE4',
    16,
    'Replace Type 4',
    'Replace with type is "string" or "hex"?',
    'radio',
    '(string|hex)',
    NULL,
    '0',
    '0',
    '86C8721E-5628-4193-9A92-B85BD0737783'
  );
INSERT
INTO
  SETUP_PROCESS_PARAMS
  (
    SETUP_PROCESS_PARAM_ID,
    SETUP_PROCESS_ID,
    PARAM_NAME,
    INPUT_ORDER,
    INPUT_LABEL,
    INPUT_HELP_INFO,
    INPUT_TYPE,
    INPUT_VALIDATION,
    DEFAULT_VALUE,
    REQUIRED_FLAG,
    SENSITIVE_FLAG,
    OPTION_ID
  )
  VALUES
  (
    'D1F1D7D6-970C-4DCB-9505-86FA4F14F92A',
    '106AE5FC-67A5-4062-ADC2-DFAD5F75A12D',
    'KEYWORD5',
    17,
    'Keyword 5',
    'Search for?',
    'text',
    '.+',
    NULL,
    '0',
    '0',
    NULL
  );
INSERT
INTO
  SETUP_PROCESS_PARAMS
  (
    SETUP_PROCESS_PARAM_ID,
    SETUP_PROCESS_ID,
    PARAM_NAME,
    INPUT_ORDER,
    INPUT_LABEL,
    INPUT_HELP_INFO,
    INPUT_TYPE,
    INPUT_VALIDATION,
    DEFAULT_VALUE,
    REQUIRED_FLAG,
    SENSITIVE_FLAG,
    OPTION_ID
  )
  VALUES
  (
    '0AEEE976-4CEE-4488-BAF4-325F9BE27BAA',
    '106AE5FC-67A5-4062-ADC2-DFAD5F75A12D',
    'REPLACE5',
    18,
    'Replace 5',
    'Replace with?',
    'text',
    '.+',
    NULL,
    '0',
    '0',
    NULL
  );
INSERT
INTO
  SETUP_PROCESS_PARAMS
  (
    SETUP_PROCESS_PARAM_ID,
    SETUP_PROCESS_ID,
    PARAM_NAME,
    INPUT_ORDER,
    INPUT_LABEL,
    INPUT_HELP_INFO,
    INPUT_TYPE,
    INPUT_VALIDATION,
    DEFAULT_VALUE,
    REQUIRED_FLAG,
    SENSITIVE_FLAG,
    OPTION_ID
  )
  VALUES
  (
    '2FFB81D6-C585-4769-87ED-CCA336A78DF5',
    '106AE5FC-67A5-4062-ADC2-DFAD5F75A12D',
    'KEYWORDTYPE5',
    19,
    'Keyword Type 5',
    'Search type is "string" or "hex"?',
    'radio',
    '(string|hex)',
    NULL,
    '0',
    '0',
    '86C8721E-5628-4193-9A92-B85BD0737783'
  );
INSERT
INTO
  SETUP_PROCESS_PARAMS
  (
    SETUP_PROCESS_PARAM_ID,
    SETUP_PROCESS_ID,
    PARAM_NAME,
    INPUT_ORDER,
    INPUT_LABEL,
    INPUT_HELP_INFO,
    INPUT_TYPE,
    INPUT_VALIDATION,
    DEFAULT_VALUE,
    REQUIRED_FLAG,
    SENSITIVE_FLAG,
    OPTION_ID
  )
  VALUES
  (
    '8112FF7D-D373-4044-B259-3EA5D2DB3554',
    '106AE5FC-67A5-4062-ADC2-DFAD5F75A12D',
    'REPLACETYPE5',
    20,
    'Replace Type 5',
    'Replace with type is "string" or "hex"?',
    'radio',
    '(string|hex)',
    NULL,
    '0',
    '0',
    '86C8721E-5628-4193-9A92-B85BD0737783'
  );
-- OPTx_Process_PGP_Decrypt
INSERT
INTO
  SETUP_PROCESS_PARAMS
  (
    SETUP_PROCESS_PARAM_ID,
    SETUP_PROCESS_ID,
    PARAM_NAME,
    INPUT_ORDER,
    INPUT_LABEL,
    INPUT_HELP_INFO,
    INPUT_TYPE,
    INPUT_VALIDATION,
    DEFAULT_VALUE,
    REQUIRED_FLAG,
    SENSITIVE_FLAG,
    OPTION_ID
  )
  VALUES
  (
    'A8AC932B-160E-4B83-982A-03F08E63604B',
    'C5853C76-9B95-45A8-BB90-DE279F4B3A22',
    'SECRET_KEYMAP_NAME',
    1,
    'PGP Secret Key Map Name',
    'The name of the PGP key as it is saved in the SI dashboard.',
    'text',
    '.+',
    NULL,
    '1',
    '0',
    NULL
  );
-- OPTx_Process_PGP_Encrypt
INSERT
INTO
  SETUP_PROCESS_PARAMS
  (
    SETUP_PROCESS_PARAM_ID,
    SETUP_PROCESS_ID,
    PARAM_NAME,
    INPUT_ORDER,
    INPUT_LABEL,
    INPUT_HELP_INFO,
    INPUT_TYPE,
    INPUT_VALIDATION,
    DEFAULT_VALUE,
    REQUIRED_FLAG,
    SENSITIVE_FLAG,
    OPTION_ID
  )
  VALUES
  (
    'C4F3A40C-A6A5-4568-A683-95A59D2B5F3D',
    '48064297-E39B-48BA-B619-56FFB0CB7217',
    'ENCRYPT_PARAM_NAME',
    1,
    'PGP Encrypt Key Name',
    'The name of the PGP key as it is saved in the SI dashboard.',
    'text',
    '.+',
    NULL,
    '1',
    '0',
    NULL
  );
-- OPTx_Process_Translate
INSERT
INTO
  SETUP_PROCESS_PARAMS
  (
    SETUP_PROCESS_PARAM_ID,
    SETUP_PROCESS_ID,
    PARAM_NAME,
    INPUT_ORDER,
    INPUT_LABEL,
    INPUT_HELP_INFO,
    INPUT_TYPE,
    INPUT_VALIDATION,
    DEFAULT_VALUE,
    REQUIRED_FLAG,
    SENSITIVE_FLAG,
    OPTION_ID
  )
  VALUES
  (
    'A843415C-E574-43D9-89B9-4911E9B2F8D7',
    'D67BDBE8-F29B-4E10-B667-6618011C01FA',
    'MAPNAME',
    1,
    'Map Name',
    'Any valid translation map name.',
    'text',
    '.+',
    NULL,
    '1',
    '0',
    NULL
  );
-- OPTx_Process_UNIX_to_DOS
-- No Params
-- OPTx_Process_UnZip_Uncompress
-- No Params
-- OPTx_Process_XSLT
INSERT
INTO
  SETUP_PROCESS_PARAMS
  (
    SETUP_PROCESS_PARAM_ID,
    SETUP_PROCESS_ID,
    PARAM_NAME,
    INPUT_ORDER,
    INPUT_LABEL,
    INPUT_HELP_INFO,
    INPUT_TYPE,
    INPUT_VALIDATION,
    DEFAULT_VALUE,
    REQUIRED_FLAG,
    SENSITIVE_FLAG,
    OPTION_ID
  )
  VALUES
  (
    '1AFC5B4B-46F0-4FF3-AA65-93A423ED979D',
    '963689E9-33F3-45F1-8347-AA717E2F33D6',
    'XSLTNAME',
    1,
    'XSLT Name',
    'Any valid XSLT name.',
    'text',
    '.+',
    NULL,
    '1',
    '0',
    NULL
  );
INSERT
INTO
  SETUP_PROCESS_PARAMS
  (
    SETUP_PROCESS_PARAM_ID,
    SETUP_PROCESS_ID,
    PARAM_NAME,
    INPUT_ORDER,
    INPUT_LABEL,
    INPUT_HELP_INFO,
    INPUT_TYPE,
    INPUT_VALIDATION,
    DEFAULT_VALUE,
    REQUIRED_FLAG,
    SENSITIVE_FLAG,
    OPTION_ID
  )
  VALUES
  (
    'DFC0B8DA-197B-46FA-A778-B93BE83283B2',
    '963689E9-33F3-45F1-8347-AA717E2F33D6',
    'XML_INPUT_FROM',
    2,
    'XML Input From',
    '',
    'radio',
    '.+',
    NULL,
    '1',
    '0',
    'XSLTInput'
  );
-- OPTx_Process_Zip_Compress
INSERT
INTO
  SETUP_PROCESS_PARAMS
  (
    SETUP_PROCESS_PARAM_ID,
    SETUP_PROCESS_ID,
    PARAM_NAME,
    INPUT_ORDER,
    INPUT_LABEL,
    INPUT_HELP_INFO,
    INPUT_TYPE,
    INPUT_VALIDATION,
    DEFAULT_VALUE,
    REQUIRED_FLAG,
    SENSITIVE_FLAG,
    OPTION_ID
  )
  VALUES
  (
    '1666DE54-80BB-4D17-B278-5C0620477299',
    '3C24D48B-184C-4AED-90CC-22A26ADF87FB',
    'ADD_ZIP',
    1,
    'Add "zip" File Extension',
    'Append ".zip" to the file name when zipping.',
    'radio',
    '.+',
    NULL,
    '1',
    '0',
    'YESNO'
  );
-- OPTx_Process_Copy_File
INSERT
INTO
  SETUP_PROCESS_PARAMS
  (
    SETUP_PROCESS_PARAM_ID,
    SETUP_PROCESS_ID,
    PARAM_NAME,
    INPUT_ORDER,
    INPUT_LABEL,
    INPUT_HELP_INFO,
    INPUT_TYPE,
    INPUT_VALIDATION,
    DEFAULT_VALUE,
    REQUIRED_FLAG,
    SENSITIVE_FLAG,
    OPTION_ID
  )
  VALUES
  (
    'B4966112-3A07-48C1-BCD0-A827BF834239',
    '0BA4D106-5642-423E-A0DC-D7B042A6DD56',
    'MAILBOX_PATH1',
    1,
    'Mailbox Path 1',
    '1st Mailbox to copy the file to.',
    'text',
    '\/.+[^\/]$',
    NULL,
    '1',
    '0',
    NULL
  );
INSERT
INTO
  SETUP_PROCESS_PARAMS
  (
    SETUP_PROCESS_PARAM_ID,
    SETUP_PROCESS_ID,
    PARAM_NAME,
    INPUT_ORDER,
    INPUT_LABEL,
    INPUT_HELP_INFO,
    INPUT_TYPE,
    INPUT_VALIDATION,
    DEFAULT_VALUE,
    REQUIRED_FLAG,
    SENSITIVE_FLAG,
    OPTION_ID
  )
  VALUES
  (
    'EC519F15-F807-40EE-AA41-62CF4863CCA8',
    '0BA4D106-5642-423E-A0DC-D7B042A6DD56',
    'MAILBOX_PATH2',
    2,
    'Mailbox Path 2',
    '2nd Mailbox to copy the file to.',
    'text',
    '\/.+[^\/]$',
    NULL,
    '0',
    '0',
    NULL
  );
INSERT
INTO
  SETUP_PROCESS_PARAMS
  (
    SETUP_PROCESS_PARAM_ID,
    SETUP_PROCESS_ID,
    PARAM_NAME,
    INPUT_ORDER,
    INPUT_LABEL,
    INPUT_HELP_INFO,
    INPUT_TYPE,
    INPUT_VALIDATION,
    DEFAULT_VALUE,
    REQUIRED_FLAG,
    SENSITIVE_FLAG,
    OPTION_ID
  )
  VALUES
  (
    '5B785CD0-8F73-47C7-902D-739B44DEFDEC',
    '0BA4D106-5642-423E-A0DC-D7B042A6DD56',
    'MAILBOX_PATH3',
    3,
    'Mailbox Path 3',
    '3rd Mailbox to copy the file to.',
    'text',
    '\/.+[^\/]$',
    NULL,
    '0',
    '0',
    NULL
  );
INSERT
INTO
  SETUP_PROCESS_PARAMS
  (
    SETUP_PROCESS_PARAM_ID,
    SETUP_PROCESS_ID,
    PARAM_NAME,
    INPUT_ORDER,
    INPUT_LABEL,
    INPUT_HELP_INFO,
    INPUT_TYPE,
    INPUT_VALIDATION,
    DEFAULT_VALUE,
    REQUIRED_FLAG,
    SENSITIVE_FLAG,
    OPTION_ID
  )
  VALUES
  (
    'C82D8451-7618-4AAF-A05F-92EB4BE8EB3F',
    '0BA4D106-5642-423E-A0DC-D7B042A6DD56',
    'MAILBOX_PATH4',
    4,
    'Mailbox Path 4',
    '4th Mailbox to copy the file to.',
    'text',
    '\/.+[^\/]$',
    NULL,
    '0',
    '0',
    NULL
  );
INSERT
INTO
  SETUP_PROCESS_PARAMS
  (
    SETUP_PROCESS_PARAM_ID,
    SETUP_PROCESS_ID,
    PARAM_NAME,
    INPUT_ORDER,
    INPUT_LABEL,
    INPUT_HELP_INFO,
    INPUT_TYPE,
    INPUT_VALIDATION,
    DEFAULT_VALUE,
    REQUIRED_FLAG,
    SENSITIVE_FLAG,
    OPTION_ID
  )
  VALUES
  (
    '5D2772FB-AE2A-4D9A-996D-C60DC59C4417',
    '0BA4D106-5642-423E-A0DC-D7B042A6DD56',
    'MAILBOX_PATH5',
    5,
    'Mailbox Path 5',
    '5th Mailbox to copy the file to.',
    'text',
    '\/.+[^\/]$',
    NULL,
    '0',
    '0',
    NULL
  );
-- OPTx_Process_BlockedToStreamed
-- No Params
-- OPTx_Process_StreamedToBlocked
INSERT
INTO
  SETUP_PROCESS_PARAMS
  (
    SETUP_PROCESS_PARAM_ID,
    SETUP_PROCESS_ID,
    PARAM_NAME,
    INPUT_ORDER,
    INPUT_LABEL,
    INPUT_HELP_INFO,
    INPUT_TYPE,
    INPUT_VALIDATION,
    DEFAULT_VALUE,
    REQUIRED_FLAG,
    SENSITIVE_FLAG,
    OPTION_ID
  )
  VALUES
  (
    'EB79AC05-F04E-417F-A908-7B8D6F436C12',
    '2AA34231-1D12-450F-8948-8756240E83EA',
    'block_length',
    1,
    'Block Length',
    'Length of each blocked line.',
    'text',
    '[\d]+',
    '80',
    '1',
    '0',
    NULL
  );
-- OPTx_Process_CLA_Script
INSERT
INTO
  SETUP_PROCESS_PARAMS
  (
    SETUP_PROCESS_PARAM_ID,
    SETUP_PROCESS_ID,
    PARAM_NAME,
    INPUT_ORDER,
    INPUT_LABEL,
    INPUT_HELP_INFO,
    INPUT_TYPE,
    INPUT_VALIDATION,
    DEFAULT_VALUE,
    REQUIRED_FLAG,
    SENSITIVE_FLAG,
    OPTION_ID
  )
  VALUES
  (
    '5B20D783-9B8F-4903-8DF6-AA5C1D8479D4',
    '16F80547-D72A-455D-9CA3-A19DD33F66A4',
    'cmdLine',
    1,
    'Command',
    'Use $Input and $Output to sent the file to and from the script automatically.'
    ,
    'text',
    '.+',
    NULL,
    '1',
    '0',
    NULL
  );
INSERT
INTO
  SETUP_PROCESS_PARAMS
  (
    SETUP_PROCESS_PARAM_ID,
    SETUP_PROCESS_ID,
    PARAM_NAME,
    INPUT_ORDER,
    INPUT_LABEL,
    INPUT_HELP_INFO,
    INPUT_TYPE,
    INPUT_VALIDATION,
    DEFAULT_VALUE,
    REQUIRED_FLAG,
    SENSITIVE_FLAG,
    OPTION_ID
  )
  VALUES
  (
    NEWID(),
    '16F80547-D72A-455D-9CA3-A19DD33F66A4',
    'parm0',
    2,
    'Xpath for $0',
    'Use $0 in the Command to swap out the value of this Xpath',
    'text',
    '.+',
    NULL,
    0,
    0,
    NULL
  );
INSERT
INTO
  SETUP_PROCESS_PARAMS
  (
    SETUP_PROCESS_PARAM_ID,
    SETUP_PROCESS_ID,
    PARAM_NAME,
    INPUT_ORDER,
    INPUT_LABEL,
    INPUT_HELP_INFO,
    INPUT_TYPE,
    INPUT_VALIDATION,
    DEFAULT_VALUE,
    REQUIRED_FLAG,
    SENSITIVE_FLAG,
    OPTION_ID
  )
  VALUES
  (
    NEWID(),
    '16F80547-D72A-455D-9CA3-A19DD33F66A4',
    'parm1',
    3,
    'Xpath for $1',
    'Use $1 in the Command to swap out the value of this Xpath',
    'text',
    '.+',
    NULL,
    0,
    0,
    NULL
  );
INSERT
INTO
  SETUP_PROCESS_PARAMS
  (
    SETUP_PROCESS_PARAM_ID,
    SETUP_PROCESS_ID,
    PARAM_NAME,
    INPUT_ORDER,
    INPUT_LABEL,
    INPUT_HELP_INFO,
    INPUT_TYPE,
    INPUT_VALIDATION,
    DEFAULT_VALUE,
    REQUIRED_FLAG,
    SENSITIVE_FLAG,
    OPTION_ID
  )
  VALUES
  (
    NEWID(),
    '16F80547-D72A-455D-9CA3-A19DD33F66A4',
    'parm2',
    4,
    'Xpath for $2',
    'Use $2 in the Command to swap out the value of this Xpath',
    'text',
    '.+',
    NULL,
    0,
    0,
    NULL
  );
INSERT
INTO
  SETUP_PROCESS_PARAMS
  (
    SETUP_PROCESS_PARAM_ID,
    SETUP_PROCESS_ID,
    PARAM_NAME,
    INPUT_ORDER,
    INPUT_LABEL,
    INPUT_HELP_INFO,
    INPUT_TYPE,
    INPUT_VALIDATION,
    DEFAULT_VALUE,
    REQUIRED_FLAG,
    SENSITIVE_FLAG,
    OPTION_ID
  )
  VALUES
  (
    NEWID(),
    '16F80547-D72A-455D-9CA3-A19DD33F66A4',
    'parm3',
    5,
    'Xpath for $3',
    'Use $3 in the Command to swap out the value of this Xpath',
    'text',
    '.+',
    NULL,
    0,
    0,
    NULL
  );
INSERT
INTO
  SETUP_PROCESS_PARAMS
  (
    SETUP_PROCESS_PARAM_ID,
    SETUP_PROCESS_ID,
    PARAM_NAME,
    INPUT_ORDER,
    INPUT_LABEL,
    INPUT_HELP_INFO,
    INPUT_TYPE,
    INPUT_VALIDATION,
    DEFAULT_VALUE,
    REQUIRED_FLAG,
    SENSITIVE_FLAG,
    OPTION_ID
  )
  VALUES
  (
    NEWID(),
    '16F80547-D72A-455D-9CA3-A19DD33F66A4',
    'parm4',
    6,
    'Xpath for $4',
    'Use $4 in the Command to swap out the value of this Xpath',
    'text',
    '.+',
    NULL,
    0,
    0,
    NULL
  );
-- Links
UPDATE
  SETUP_PROCESS_PARAMS
SET
  SETUP_LINK_LABEL = 'Check In',
  SETUP_LINK_URI   = '/ws/Page?next=page.mapmanagement'
WHERE
  PARAM_NAME = 'MAPNAME';
UPDATE
  SETUP_PROCESS_PARAMS
SET
  SETUP_LINK_LABEL = 'Check In',
  SETUP_LINK_URI   = '/ws/Page?next=page.xsltmgmt'
WHERE
  PARAM_NAME = 'XSLTNAME' ;
ALTER TABLE SETUP_PROCESS_PARAMS ADD CONSTRAINT SETUP_PROCESS_PARAM_ID_PK
PRIMARY KEY ( SETUP_PROCESS_PARAM_ID ) ;
ALTER TABLE SETUP_PROCESS_PARAMS ADD CONSTRAINT SETUP_COMM_PARAMS_UN UNIQUE (
PARAM_NAME , SETUP_PROCESS_ID ) ;


CREATE
  TABLE SETUP_USER
  (
    USER_NAME  VARCHAR2 (200 CHAR) NOT NULL ,
    FIRST_NAME VARCHAR2 (200 CHAR) ,
    LAST_NAME  VARCHAR2 (200 CHAR)
  ) ;
ALTER TABLE SETUP_USER ADD CONSTRAINT SETUP_USER_PK PRIMARY KEY ( USER_NAME ) ;


CREATE
  TABLE SETUP_USER_GROUP
  (
    USER_GROUP_ID VARCHAR2 (200 CHAR) NOT NULL ,
    USER_NAME     VARCHAR2 (200 CHAR) NOT NULL ,
    GROUP_NAME    VARCHAR2 (200 CHAR) NOT NULL ,
    GROUP_ID      VARCHAR2 (200 CHAR) NOT NULL
  ) ;
ALTER TABLE SETUP_USER_GROUP ADD CONSTRAINT SETUP_USER_GROUP_PK PRIMARY KEY (
USER_GROUP_ID ) ;
ALTER TABLE SETUP_USER_GROUP ADD CONSTRAINT SETUP_USER_GROUP_UN UNIQUE (
USER_NAME , GROUP_NAME ) ;


CREATE
  TABLE STAGE_BROADCAST
  (
    BROADCAST_ID       VARCHAR2 (200) NOT NULL ,
    FLOW_ID            VARCHAR2 (200 CHAR) NOT NULL ,
    CONSUMER_ENTITY_ID VARCHAR2 (200 CHAR) NOT NULL
  ) ;
ALTER TABLE STAGE_BROADCAST ADD CONSTRAINT STAGE_BROADCAST_PK PRIMARY KEY (
BROADCAST_ID ) ;


CREATE
  TABLE STAGE_COMM_OVERRIDES
  (
    PARAM_ID    VARCHAR2 (200 CHAR) NOT NULL ,
    FLOW_ID     VARCHAR2 (200 CHAR) NOT NULL ,
    COMM_ID     VARCHAR2 (200 CHAR) NOT NULL ,
    PARAM_NAME  VARCHAR2 (200 CHAR) NOT NULL ,
    PARAM_VALUE VARCHAR2 (2000 CHAR)
  ) ;
ALTER TABLE STAGE_COMM_OVERRIDES ADD CONSTRAINT STAGE_DFPP_PK PRIMARY KEY (
PARAM_ID ) ;


CREATE
  TABLE STAGE_COMM_SCHEDULES
  (
    SCHEDULE_ID       VARCHAR2 (200 CHAR) NOT NULL ,
    ENTITY_COMM_ID    VARCHAR2 (200 CHAR) NOT NULL ,
    EXECUTION_MINUTES VARCHAR2 (200 CHAR) DEFAULT '*/30' NOT NULL ,
    EXECUTION_HOURS   VARCHAR2 (200 CHAR) DEFAULT '*' NOT NULL ,
    EXECUTION_DOW     VARCHAR2 (200 CHAR) DEFAULT '*' NOT NULL ,
    EXECUTION_DOM     VARCHAR2 (200 CHAR) DEFAULT '*' NOT NULL ,
    ENABLED           INTEGER DEFAULT 1 NOT NULL
  ) ;
ALTER TABLE STAGE_COMM_SCHEDULES ADD CONSTRAINT STAGE_COMM_SCHEDULES_PK PRIMARY
KEY ( SCHEDULE_ID ) ;


CREATE
  TABLE STAGE_DATA_FLOW
  (
    FLOW_ID            VARCHAR2 (200 CHAR) NOT NULL ,
    ENTITY_ID          VARCHAR2 (200 CHAR) NOT NULL ,
    FILE_ID            VARCHAR2 (200 CHAR) NOT NULL ,
    FLOW_NAME          VARCHAR2 (200 CHAR) NOT NULL ,
    CONSUMER_ENTITY_ID VARCHAR2 (200 CHAR) ,
    ERROR_EMAIL_ADDR   VARCHAR2 (200 CHAR) ,
    BROADCAST_FLAG     INTEGER DEFAULT 0 NOT NULL ,
    LAST_MOD_USER      VARCHAR2 (200 CHAR) ,
    LAST_MOD_DATE      DATE
  ) ;
ALTER TABLE STAGE_DATA_FLOW ADD CONSTRAINT STG_DATA_FLOW_PK PRIMARY KEY (
FLOW_ID ) ;
ALTER TABLE STAGE_DATA_FLOW ADD CONSTRAINT STAGE_DF_NAME_UN UNIQUE ( ENTITY_ID
, FLOW_NAME ) ;
ALTER TABLE STAGE_DATA_FLOW ADD CONSTRAINT STAGE_DF_FILE_UN UNIQUE ( FILE_ID ,
ENTITY_ID ) ;


CREATE
  TABLE STAGE_DATA_FLOW_PROCESSES
  (
    FLOW_PROCESS_ID        VARCHAR2 (200 CHAR) NOT NULL ,
    FLOW_ID                VARCHAR2 (200 CHAR) NOT NULL ,
    SETUP_PROCESS_ID       VARCHAR2 (200 CHAR) NOT NULL ,
    FLOW_PROCESS_ORDER_NUM INTEGER NOT NULL
  ) ;
ALTER TABLE STAGE_DATA_FLOW_PROCESSES ADD CONSTRAINT STG_DATA_FLOW_PROCESSES_PK
PRIMARY KEY ( FLOW_PROCESS_ID ) ;
ALTER TABLE STAGE_DATA_FLOW_PROCESSES ADD CONSTRAINT STAGE_DFP_ORDER_UN UNIQUE
( FLOW_ID , FLOW_PROCESS_ORDER_NUM ) ;


CREATE
  TABLE STAGE_DATA_FLOW_PROCESS_PARAMS
  (
    PARAM_ID        VARCHAR2 (200 CHAR) NOT NULL ,
    FLOW_PROCESS_ID VARCHAR2 (200 CHAR) NOT NULL ,
    PARAM_NAME      VARCHAR2 (200 CHAR) NOT NULL ,
    PARAM_VALUE     VARCHAR2 (2000 CHAR)
  ) ;
ALTER TABLE STAGE_DATA_FLOW_PROCESS_PARAMS ADD CONSTRAINT STAGE_DFP_PARAMS_PK
PRIMARY KEY ( PARAM_ID ) ;
ALTER TABLE STAGE_DATA_FLOW_PROCESS_PARAMS ADD CONSTRAINT STAGE_DFP_PARAMS_UN
UNIQUE ( FLOW_PROCESS_ID , PARAM_NAME ) ;


CREATE
  TABLE STAGE_ENTITY
  (
    ENTITY_ID     VARCHAR2 (200 CHAR) NOT NULL ,
    ENTITY_NAME   VARCHAR2 (200 CHAR) NOT NULL ,
    USERNAME      VARCHAR2 (50 CHAR) NOT NULL ,
    PARTNER_NAME  VARCHAR2 (100 CHAR) NOT NULL ,
    LAST_MOD_USER VARCHAR2 (200 CHAR) ,
    LAST_MOD_DATE DATE
  ) ;
ALTER TABLE STAGE_ENTITY ADD CONSTRAINT STG_ENTITY_PK PRIMARY KEY ( ENTITY_ID )
;
ALTER TABLE STAGE_ENTITY ADD CONSTRAINT STAGE_ENTITY_NAME_UN UNIQUE (
ENTITY_NAME ) ;
ALTER TABLE STAGE_ENTITY ADD CONSTRAINT STAGE_ENTITY_PARTNER_UN UNIQUE (
PARTNER_NAME ) ;
ALTER TABLE STAGE_ENTITY ADD CONSTRAINT STAGE_ENTITY_USER_UN UNIQUE ( USERNAME
) ;


CREATE
  TABLE STAGE_ENTITY_COMM
  (
    ENTITY_COMM_ID VARCHAR2 (200 CHAR) NOT NULL ,
    ENTITY_ID      VARCHAR2 (200 CHAR) NOT NULL ,
    COMM_TYPE      VARCHAR2 (20 CHAR) NOT NULL ,
    COMM_NAME      VARCHAR2 (200 CHAR) NOT NULL ,
    PROCESS_NAME   VARCHAR2 (200 CHAR) NOT NULL ,
    PROTOCOL       VARCHAR2 (200 CHAR) NOT NULL ,
    LAST_MOD_USER  VARCHAR2 (200 CHAR) ,
    LAST_MOD_DATE  DATE
  ) ;
ALTER TABLE STAGE_ENTITY_COMM ADD CONSTRAINT STAGE_ENTITY_COMM_PK PRIMARY KEY (
ENTITY_COMM_ID ) ;
ALTER TABLE STAGE_ENTITY_COMM ADD CONSTRAINT STAGE_ENTITY_COMM_NAME_UN UNIQUE (
ENTITY_ID , COMM_NAME ) ;


CREATE
  TABLE STAGE_ENTITY_COMM_PARAMS
  (
    PARAM_ID       VARCHAR2 (200 CHAR) NOT NULL ,
    ENTITY_COMM_ID VARCHAR2 (200 CHAR) NOT NULL ,
    PARAM_NAME     VARCHAR2 (200 CHAR) NOT NULL ,
    PARAM_VALUE    VARCHAR2 (200 CHAR) ,
    LAST_MOD_USER  VARCHAR2 (200 CHAR) ,
    LAST_MOD_DATE  DATE
  ) ;
ALTER TABLE STAGE_ENTITY_COMM_PARAMS ADD CONSTRAINT STAGE_ENTITY_COMM_PARAMS_PK
PRIMARY KEY ( PARAM_ID ) ;


CREATE
  TABLE STAGE_ENTITY_FILE
  (
    FILE_ID       VARCHAR2 (200 CHAR) NOT NULL ,
    ENTITY_ID     VARCHAR2 (200 CHAR) NOT NULL ,
    TYPE          VARCHAR2 (200 CHAR) NOT NULL ,
    VALIDATION    VARCHAR2 (200 CHAR) ,
    DESCRIPTION   VARCHAR2 (500 CHAR) ,
    LAST_MOD_USER VARCHAR2 (200 CHAR) ,
    LAST_MOD_DATE DATE
  ) ;
ALTER TABLE STAGE_ENTITY_FILE ADD CONSTRAINT STAGE_ENTITY_FILE_PK PRIMARY KEY (
FILE_ID ) ;
ALTER TABLE STAGE_ENTITY_FILE ADD CONSTRAINT STAGE_ENTITY_FILE_UN UNIQUE (
ENTITY_ID , TYPE ) ;


CREATE
  TABLE STAGE_ENTITY_GROUPS
  (
    ENTITY_GROUP_ID VARCHAR2 (200 CHAR) NOT NULL ,
    GROUP_ID        VARCHAR2 (200 CHAR) NOT NULL ,
    ENTITY_ID       VARCHAR2 (200 CHAR) NOT NULL
  ) ;
ALTER TABLE STAGE_ENTITY_GROUPS ADD CONSTRAINT STAGE_ENTITY_GROUPS_PK PRIMARY
KEY ( ENTITY_GROUP_ID ) ;
ALTER TABLE STAGE_ENTITY_GROUPS ADD CONSTRAINT STAGE_ENTITY_GROUPS_UN UNIQUE (
GROUP_ID , ENTITY_ID ) ;


CREATE
  TABLE STAGE_ENTITY_LOG
  (
    LOG_ID    VARCHAR2 (200 CHAR) NOT NULL ,
    ENTITY_ID VARCHAR2 (200 CHAR) NOT NULL ,
    USER_NAME VARCHAR2 (200 CHAR) NOT NULL ,
    LOG_DATA  VARCHAR2 (2000 CHAR) NOT NULL ,
    LOG_TIME  DATE NOT NULL
  ) ;
ALTER TABLE STAGE_ENTITY_LOG ADD CONSTRAINT STAGE_ENTITY_LOG_PK PRIMARY KEY (
LOG_ID ) ;


CREATE
  TABLE STAGE_ENTITY_PARAMS
  (
    ENTITY_PARAM_ID VARCHAR2 (200 CHAR) NOT NULL ,
    ENTITY_ID       VARCHAR2 (200 CHAR) NOT NULL ,
    PARAM_NAME      VARCHAR2 (200 CHAR) NOT NULL ,
    PARAM_VALUE     VARCHAR2 (1000 CHAR) ,
    LAST_MOD_USER   VARCHAR2 (200 CHAR) ,
    LAST_MOD_DATE   DATE
  ) ;
ALTER TABLE STAGE_ENTITY_PARAMS ADD CONSTRAINT STAGE_ENTITY_PARAMS_PK PRIMARY
KEY ( ENTITY_PARAM_ID ) ;
ALTER TABLE STAGE_ENTITY_PARAMS ADD CONSTRAINT STAGE_ENTITY_PARAMS_UN UNIQUE (
ENTITY_ID , PARAM_NAME ) ;


CREATE
  TABLE STAGE_FILE_VALIDATION_TESTS
  (
    VALIDATION_TEST_ID VARCHAR2 (200 CHAR) NOT NULL ,
    FILE_ID            VARCHAR2 (200 CHAR) NOT NULL ,
    TEST_FILE_NAME     VARCHAR2 (300 CHAR) NOT NULL ,
    SUBMAILBOX_NAME    VARCHAR2 (100 CHAR)
  ) ;
ALTER TABLE STAGE_FILE_VALIDATION_TESTS ADD CONSTRAINT
STAGE_FILE_VALIDATION_TEST_PK PRIMARY KEY ( VALIDATION_TEST_ID ) ;


CREATE
  TABLE STAGE_FLOW_PARAMS
  (
    FLOW_PARAM_ID VARCHAR2 (200 CHAR) NOT NULL ,
    FLOW_ID       VARCHAR2 (200 CHAR) NOT NULL ,
    PARAM_NAME    VARCHAR2 (200 CHAR) NOT NULL ,
    PARAM_VALUE   VARCHAR2 (1000 CHAR) ,
    LAST_MOD_USER VARCHAR2 (200 CHAR) ,
    LAST_MOD_DATE DATE
  ) ;
ALTER TABLE STAGE_FLOW_PARAMS ADD CONSTRAINT STAGE_FLOW_PARAMS_PK PRIMARY KEY (
FLOW_PARAM_ID ) ;
ALTER TABLE STAGE_FLOW_PARAMS ADD CONSTRAINT STAGE_FLOW_PARAMS_UN UNIQUE (
FLOW_ID , PARAM_NAME ) ;


CREATE
  TABLE STAGE_ONBOARDING_WORKFLOW
  (
    WORKFLOW_ID      VARCHAR2 (200 CHAR) NOT NULL ,
    WORKFLOW_NAME    VARCHAR2 (200 CHAR) NOT NULL ,
    PRODUCER_ID      VARCHAR2 (200 CHAR) ,
    CONSUMER_ID      VARCHAR2 (200 CHAR) ,
    PRODUCER_COMM_ID VARCHAR2 (200 CHAR) ,
    CONSUMER_COMM_ID VARCHAR2 (200 CHAR) ,
    DATA_FLOW_ID     VARCHAR2 (200 CHAR) ,
    LAST_MOD_USER    VARCHAR2 (200 CHAR) ,
    LAST_MOD_DATE    DATE
  ) ;
ALTER TABLE STAGE_ONBOARDING_WORKFLOW ADD CONSTRAINT
STAGE_ONBOARDING_WORKFLOW_PK PRIMARY KEY ( WORKFLOW_ID ) ;


CREATE
  TABLE USER_TASKS
  (
    TASK_ID           VARCHAR2 (200 CHAR) NOT NULL ,
    ENTITY_ID         VARCHAR2 (200 CHAR) ,
    COMPLETED_FLAG    INTEGER DEFAULT 0 NOT NULL ,
    ASSIGNED_USER     VARCHAR2 (200 CHAR) NOT NULL ,
    TASK_TITLE        VARCHAR2 (200 CHAR) NOT NULL ,
    TASK_NOTE         VARCHAR2 (2000 CHAR) ,
    TASK_DUE_DATE     VARCHAR2 (20 CHAR) NOT NULL ,
    CREATED_BY_USER   VARCHAR2 (200 CHAR) NOT NULL ,
    TASK_CREATED_DATE DATE NOT NULL ,
    COMPLETED_DATE    DATE
  ) ;
ALTER TABLE USER_TASKS ADD CONSTRAINT USER_TASKS_PK PRIMARY KEY ( TASK_ID ) ;


ALTER TABLE LIVE_BROADCAST_CONSUMERS ADD CONSTRAINT LIVE_BROADCAST_FK FOREIGN
KEY ( FILE_FLOW_ID ) REFERENCES LIVE_ENTITY_FILE_FLOW ( FILE_FLOW_ID ) ON
DELETE CASCADE ;

ALTER TABLE LIVE_COMM_OVERRIDES ADD CONSTRAINT LIVE_COMM_OVERRIDES_FK FOREIGN
KEY ( FILE_FLOW_ID ) REFERENCES LIVE_ENTITY_FILE_FLOW ( FILE_FLOW_ID ) ON
DELETE CASCADE ;

ALTER TABLE LIVE_COMM_PARAMS ADD CONSTRAINT LIVE_COMM_PARAMS_FK FOREIGN KEY (
CONSUMER_NAME ) REFERENCES LIVE_COMM ( CONSUMER_NAME ) ON
DELETE CASCADE ;

ALTER TABLE LIVE_FLOW_PROCESSES ADD CONSTRAINT LIVE_FLOW_PROCESSES_FK FOREIGN
KEY ( FILE_FLOW_ID ) REFERENCES LIVE_ENTITY_FILE_FLOW ( FILE_FLOW_ID ) ON
DELETE CASCADE ;

ALTER TABLE LIVE_PROCESS_PARAMS ADD CONSTRAINT LIVE_PROCESS_PARAMS_FK FOREIGN
KEY ( FLOW_PROCESS_ID ) REFERENCES LIVE_FLOW_PROCESSES ( FLOW_PROCESS_ID ) ON
DELETE CASCADE ;

ALTER TABLE PATTERN_PROCESS_PARAMS ADD CONSTRAINT PATTERN_PARAMS_FK FOREIGN KEY
( PATTERN_PROCESS_ID ) REFERENCES PATTERN_DATA_FLOW_PROCESSES (
PATTERN_PROCESS_ID ) ON
DELETE CASCADE ;

ALTER TABLE PATTERN_DATA_FLOW_PROCESSES ADD CONSTRAINT PATTERN_PROCESSES_FK
FOREIGN KEY ( PATTERN_ID ) REFERENCES PATTERN_DATA_FLOW ( PATTERN_ID ) ON
DELETE CASCADE ;

ALTER TABLE PATTERN_DATA_FLOW_PROCESSES ADD CONSTRAINT
PATTERN_PROCESSES_SETUP_FK FOREIGN KEY ( SETUP_PROCESS_ID ) REFERENCES
SETUP_PROCESSES ( SETUP_PROCESS_ID ) ;

ALTER TABLE PREF_REPORT_CUSTOM_SQL ADD CONSTRAINT PREF_REPORT_CUSTOM_SQL_FK
FOREIGN KEY ( REPORT_ID ) REFERENCES PREF_REPORT ( REPORT_ID ) ON
DELETE CASCADE ;

ALTER TABLE PREF_REPORT_PARAMS ADD CONSTRAINT PREF_REPORT_PARAMS_FK FOREIGN KEY
( REPORT_ID ) REFERENCES PREF_REPORT ( REPORT_ID ) ON
DELETE CASCADE ;

ALTER TABLE PREF_REPORT_SCHEDULES ADD CONSTRAINT PREF_REPORT_SCHEDULES_FK
FOREIGN KEY ( REPORT_ID ) REFERENCES PREF_REPORT ( REPORT_ID ) ON
DELETE CASCADE ;

ALTER TABLE PREF_SAVE_SEARCH_PARAMS ADD CONSTRAINT PREF_SAVE_SEARCH_PARAMS_FK
FOREIGN KEY ( SAVE_SEARCH_ID ) REFERENCES PREF_SAVED_SEARCH ( SAVE_SEARCH_ID )
ON
DELETE CASCADE ;

ALTER TABLE SETUP_COMM_PARAMS ADD CONSTRAINT SETUP_COMM_PARAMS_FK FOREIGN KEY (
COMM_ID ) REFERENCES SETUP_COMMS ( SETUP_COMM_ID ) ON
DELETE CASCADE ;

ALTER TABLE SETUP_COMM_PARAMS ADD CONSTRAINT SETUP_CP_OPTION_FK FOREIGN KEY (
OPTION_ID ) REFERENCES SETUP_PARAM_OPTION ( OPTION_ID ) ;

ALTER TABLE SETUP_ENTITY_PARAMS ADD CONSTRAINT SETUP_E_PARAMS_AT_FK FOREIGN KEY
( AT_GROUP_VALUE_ID ) REFERENCES SETUP_OPTION_VALUES ( OPTION_VALUE_ID ) ON
DELETE SET NULL ;

ALTER TABLE SETUP_ENTITY_PARAMS ADD CONSTRAINT SETUP_E_PARAMS_OPTION_FK FOREIGN
KEY ( OPTION_ID ) REFERENCES SETUP_PARAM_OPTION ( OPTION_ID ) ;

ALTER TABLE SETUP_ENTITY_PARAMS ADD CONSTRAINT SETUP_E_PARAMS_SELF_FK FOREIGN
KEY ( AT_UPDATE_PARAM_ID ) REFERENCES SETUP_ENTITY_PARAMS (
SETUP_ENTITY_PARAM_ID ) ON
DELETE SET NULL ;

ALTER TABLE SETUP_ENTITY_PARAMS ADD CONSTRAINT SETUP_E_PARAM_TABS_FK FOREIGN
KEY ( TAB_ID ) REFERENCES SETUP_ENTITY_PARAM_TABS ( TAB_ID ) ;

ALTER TABLE SETUP_FLOW_PARAMS ADD CONSTRAINT SETUP_FLOW_PARAMS_FK FOREIGN KEY (
OPTION_ID ) REFERENCES SETUP_PARAM_OPTION ( OPTION_ID ) ;

ALTER TABLE SETUP_FLOW_PARAMS ADD CONSTRAINT SETUP_FLOW_PARAM_TABS_FK FOREIGN
KEY ( TAB_ID ) REFERENCES SETUP_FLOW_PARAM_TABS ( TAB_ID ) ;

ALTER TABLE SETUP_FLOW_PARAMS ADD CONSTRAINT SETUP_F_PARAMS_AT_FK FOREIGN KEY (
AT_GROUP_VALUE_ID ) REFERENCES SETUP_OPTION_VALUES ( OPTION_VALUE_ID ) ON
DELETE SET NULL ;

ALTER TABLE SETUP_FLOW_PARAMS ADD CONSTRAINT SETUP_F_PARAMS_SELF_FK FOREIGN KEY
( AT_UPDATE_PARAM_ID ) REFERENCES SETUP_FLOW_PARAMS ( SETUP_FLOW_PARAM_ID ) ON
DELETE SET NULL ;

ALTER TABLE SETUP_OPTION_VALUES ADD CONSTRAINT SETUP_PARAM_OPTION_FK FOREIGN
KEY ( OPTION_ID ) REFERENCES SETUP_PARAM_OPTION ( OPTION_ID ) ON
DELETE CASCADE ;

ALTER TABLE SETUP_PROCESS_PARAMS ADD CONSTRAINT SETUP_PP_OPTION_FK FOREIGN KEY
( OPTION_ID ) REFERENCES SETUP_PARAM_OPTION ( OPTION_ID ) ;

ALTER TABLE SETUP_PROCESS_PARAMS ADD CONSTRAINT SETUP_PP_PROCESSES_FK FOREIGN
KEY ( SETUP_PROCESS_ID ) REFERENCES SETUP_PROCESSES ( SETUP_PROCESS_ID ) ON
DELETE CASCADE ;

ALTER TABLE SETUP_USER_GROUP ADD CONSTRAINT SETUP_USER_GROUP_FK FOREIGN KEY (
GROUP_ID ) REFERENCES SETUP_ENTITY_GROUPS ( GROUP_ID ) ON
DELETE CASCADE ;

ALTER TABLE SETUP_USER_GROUP ADD CONSTRAINT SETUP_USER_GROUP_SETUP_USER_FK
FOREIGN KEY ( USER_NAME ) REFERENCES SETUP_USER ( USER_NAME ) ON
DELETE CASCADE ;

ALTER TABLE STAGE_BROADCAST ADD CONSTRAINT STAGE_BROADCAST_DF_FK FOREIGN KEY (
FLOW_ID ) REFERENCES STAGE_DATA_FLOW ( FLOW_ID ) ON
DELETE CASCADE ;

ALTER TABLE STAGE_BROADCAST ADD CONSTRAINT STAGE_BROADCAST_ENTITY_FK FOREIGN
KEY ( CONSUMER_ENTITY_ID ) REFERENCES STAGE_ENTITY ( ENTITY_ID ) ;

ALTER TABLE STAGE_COMM_OVERRIDES ADD CONSTRAINT STAGE_COMM_OVERRIDES_SETUP_FK
FOREIGN KEY ( COMM_ID ) REFERENCES SETUP_COMMS ( SETUP_COMM_ID ) ;

ALTER TABLE STAGE_ENTITY_COMM_PARAMS ADD CONSTRAINT STAGE_COMM_PARAMS_FK
FOREIGN KEY ( ENTITY_COMM_ID ) REFERENCES STAGE_ENTITY_COMM ( ENTITY_COMM_ID )
ON
DELETE CASCADE ;

ALTER TABLE STAGE_COMM_SCHEDULES ADD CONSTRAINT STAGE_COMM_SCHEDULES_FK FOREIGN
KEY ( ENTITY_COMM_ID ) REFERENCES STAGE_ENTITY_COMM ( ENTITY_COMM_ID ) ON
DELETE CASCADE ;

ALTER TABLE STAGE_DATA_FLOW_PROCESSES ADD CONSTRAINT STAGE_DFP_DF_FK FOREIGN
KEY ( FLOW_ID ) REFERENCES STAGE_DATA_FLOW ( FLOW_ID ) ON
DELETE CASCADE ;

ALTER TABLE STAGE_DATA_FLOW_PROCESS_PARAMS ADD CONSTRAINT STAGE_DFP_PARAMS_FK
FOREIGN KEY ( FLOW_PROCESS_ID ) REFERENCES STAGE_DATA_FLOW_PROCESSES (
FLOW_PROCESS_ID ) ON
DELETE CASCADE ;

ALTER TABLE STAGE_COMM_OVERRIDES ADD CONSTRAINT STAGE_DF_COMM_OVERRIDES_FK
FOREIGN KEY ( FLOW_ID ) REFERENCES STAGE_DATA_FLOW ( FLOW_ID ) ON
DELETE CASCADE ;

ALTER TABLE STAGE_DATA_FLOW ADD CONSTRAINT STAGE_DF_ENTITY_C_FK FOREIGN KEY (
CONSUMER_ENTITY_ID ) REFERENCES STAGE_ENTITY ( ENTITY_ID ) ;

ALTER TABLE STAGE_DATA_FLOW ADD CONSTRAINT STAGE_DF_ENTITY_FK FOREIGN KEY (
ENTITY_ID ) REFERENCES STAGE_ENTITY ( ENTITY_ID ) ;

ALTER TABLE STAGE_DATA_FLOW ADD CONSTRAINT STAGE_DF_FILE_FK FOREIGN KEY (
FILE_ID ) REFERENCES STAGE_ENTITY_FILE ( FILE_ID ) ON
DELETE CASCADE ;

ALTER TABLE STAGE_DATA_FLOW_PROCESSES ADD CONSTRAINT STAGE_DP_SETUP_P_FK
FOREIGN KEY ( SETUP_PROCESS_ID ) REFERENCES SETUP_PROCESSES ( SETUP_PROCESS_ID
) ;

ALTER TABLE STAGE_ENTITY_COMM ADD CONSTRAINT STAGE_ENTITY_COMM_FK FOREIGN KEY (
ENTITY_ID ) REFERENCES STAGE_ENTITY ( ENTITY_ID ) ON
DELETE CASCADE ;

ALTER TABLE STAGE_ENTITY_GROUPS ADD CONSTRAINT STAGE_ENTITY_GROUPS_FK FOREIGN
KEY ( ENTITY_ID ) REFERENCES STAGE_ENTITY ( ENTITY_ID ) ON
DELETE CASCADE ;

ALTER TABLE STAGE_ENTITY_GROUPS ADD CONSTRAINT STAGE_ENTITY_GROUPS_SETUP_FK
FOREIGN KEY ( GROUP_ID ) REFERENCES SETUP_ENTITY_GROUPS ( GROUP_ID ) ;

ALTER TABLE STAGE_ENTITY_LOG ADD CONSTRAINT STAGE_ENTITY_LOG_FK FOREIGN KEY (
ENTITY_ID ) REFERENCES STAGE_ENTITY ( ENTITY_ID ) ON
DELETE CASCADE ;

ALTER TABLE STAGE_ENTITY_PARAMS ADD CONSTRAINT STAGE_E_PARAMS_ENTITY_FK FOREIGN
KEY ( ENTITY_ID ) REFERENCES STAGE_ENTITY ( ENTITY_ID ) ON
DELETE CASCADE ;

ALTER TABLE STAGE_ENTITY_FILE ADD CONSTRAINT STAGE_FILE_ENTITY_FK FOREIGN KEY (
ENTITY_ID ) REFERENCES STAGE_ENTITY ( ENTITY_ID ) ON
DELETE CASCADE ;

ALTER TABLE STAGE_FILE_VALIDATION_TESTS ADD CONSTRAINT
STAGE_FILE_VALIDATION_TEST_FK FOREIGN KEY ( FILE_ID ) REFERENCES
STAGE_ENTITY_FILE ( FILE_ID ) ON
DELETE CASCADE ;

ALTER TABLE STAGE_FLOW_PARAMS ADD CONSTRAINT STAGE_FLOW_PARAMS_FK FOREIGN KEY (
FLOW_ID ) REFERENCES STAGE_DATA_FLOW ( FLOW_ID ) ON
DELETE CASCADE ;

CREATE OR REPLACE VIEW V_ALL_COMMS  AS
SELECT
  EC.ENTITY_COMM_ID,
  EC.ENTITY_ID,
  SC.SETUP_COMM_ID,
  E.PARTNER_NAME,
  EC.COMM_TYPE,
  EC.COMM_NAME,
  EC.PROCESS_NAME,
  EC.PROTOCOL,
  EC.LAST_MOD_DATE,
  EC.LAST_MOD_USER,
  SC.SCHEDULE_FLAG
FROM
  STAGE_ENTITY_COMM EC
INNER JOIN STAGE_ENTITY E
ON
  E.ENTITY_ID = EC.ENTITY_ID
LEFT JOIN SETUP_COMMS SC
ON
  EC.PROCESS_NAME = SC.PROCESS_NAME
AND EC.PROTOCOL   = SC.PROTOCOL 
;





CREATE OR REPLACE VIEW V_ALL_PATTERN_PROCESSES  AS
SELECT
  newId() AS ID,
  PDF.PATTERN_ID,
  PDF.PATTERN_NAME,
  PDFP.PATTERN_PROCESS_ID,
  PDFP.FLOW_PROCESS_ORDER_NUM,
  PDFP.SETUP_PROCESS_ID,
  SP.PROCESS_NAME
FROM
  PATTERN_DATA_FLOW_PROCESSES PDFP
INNER JOIN PATTERN_DATA_FLOW PDF
ON
  PDF.PATTERN_ID = PDFP.PATTERN_ID
INNER JOIN SETUP_PROCESSES SP
ON
  SP.SETUP_PROCESS_ID = PDFP.SETUP_PROCESS_ID 
;





CREATE OR REPLACE VIEW V_ALL_PATTERN_PROCESS_PARAMS  AS
SELECT
  PPP.PARAM_ID,
  PPP.PATTERN_PROCESS_ID,
  PPP.PARAM_NAME,
  BPPP.INPUT_ORDER,
  BPPP.INPUT_LABEL,
  BPPP.INPUT_HELP_INFO,
  BPPP.INPUT_TYPE,
  BPPP.REQUIRED_FLAG,
  BPPP.DEFAULT_VALUE,
  BPPP.INPUT_VALIDATION,
  BPPP.SENSITIVE_FLAG,
  BPPP.OPTION_ID,
  BPPP.SETUP_LINK_URI,
  BPPP.SETUP_LINK_LABEL,
  BPP.PROCESS_NAME,
  CASE
    WHEN BPPP.SENSITIVE_FLAG = 1
    THEN '-NotReal-'
    ELSE PPP.PARAM_VALUE
  END AS PARAM_VALUE,
  BPPP.SETUP_PROCESS_ID,
  BPPP.SETUP_PROCESS_PARAM_ID,
  PP.PATTERN_ID
FROM
  PATTERN_PROCESS_PARAMS PPP
INNER JOIN PATTERN_DATA_FLOW_PROCESSES PP
ON
  PP.PATTERN_PROCESS_ID = PPP.PATTERN_PROCESS_ID
INNER JOIN SETUP_PROCESSES BPP
ON
  BPP.SETUP_PROCESS_ID = PP.SETUP_PROCESS_ID
LEFT JOIN SETUP_PROCESS_PARAMS BPPP
ON
  BPP.SETUP_PROCESS_ID = BPPP.SETUP_PROCESS_ID
AND PPP.PARAM_NAME     = BPPP.PARAM_NAME 
;





CREATE OR REPLACE VIEW V_ALL_SETUP_PROCESSES  AS
SELECT
  BP.SETUP_PROCESS_ID AS ID,
  'PROCESS'           AS TYPE,
  BP.PROCESS_NAME     AS NAME
FROM
  SETUP_PROCESSES BP
WHERE
  BP.ENABLE_FLAG = 1
UNION ALL
SELECT
  P.PATTERN_ID   AS ID,
  'PATTERN'      AS TYPE,
  P.PATTERN_NAME AS NAME
FROM
  PATTERN_DATA_FLOW P 
;





CREATE OR REPLACE VIEW V_AT_A_ENTITY_PARAMS  AS
SELECT
  A.SETUP_ENTITY_PARAM_ID,
  B.ENTITY_PARAM_ID,
  C.ENTITY_ID,
  AT_SEP.OPTION_ID AS AT_OPTION_ID,
  C.ENTITY_NAME,
  C.PARTNER_NAME,
  A.PARAM_NAME,
  A.INPUT_LABEL,
  B.PARAM_VALUE,
  A.AT_UPDATE_PARAM_ID,
  A.AT_GROUP_VALUE_ID,
  AT_SEP.PARAM_NAME    AS AT_PARAM_NAME,
  AT_SOV.VALUE         AS AT_VALUE,
  AT_SOV.DISPLAY_ORDER AS AT_ORDER,
  OV.DISPLAY_ORDER     AS CURRENT_ORDER,
  (
    SELECT
      MAX(Z.DISPLAY_ORDER)
    FROM
      SETUP_OPTION_VALUES Z
    WHERE
      Z.OPTION_ID = A.OPTION_ID
  ) AS MAX_ORDER,
  (
    SELECT
      COUNT(*)
    FROM
      SETUP_ENTITY_PARAMS Y
    WHERE
      Y.AT_GROUP_VALUE_ID = A.AT_GROUP_VALUE_ID
  ) AS MAX_COUNT
FROM
  STAGE_ENTITY_PARAMS B
INNER JOIN SETUP_ENTITY_PARAMS A
ON
  A.PARAM_NAME = B.PARAM_NAME
INNER JOIN STAGE_ENTITY C
ON
  C.ENTITY_ID = B.ENTITY_ID
INNER JOIN SETUP_ENTITY_PARAMS AT_SEP
ON
  AT_SEP.SETUP_ENTITY_PARAM_ID = A.AT_UPDATE_PARAM_ID
INNER JOIN SETUP_OPTION_VALUES AT_SOV
ON
  AT_SOV.OPTION_VALUE_ID = A.AT_GROUP_VALUE_ID
INNER JOIN SETUP_PARAM_OPTION O
ON
  O.OPTION_ID = A.OPTION_ID
INNER JOIN SETUP_OPTION_VALUES OV
ON
  O.OPTION_ID = OV.OPTION_ID
AND OV.VALUE  = B.PARAM_VALUE
WHERE
  A.AT_UPDATE_PARAM_ID  IS NOT NULL
AND A.AT_GROUP_VALUE_ID IS NOT NULL
AND A.AT_FLAG            = 1 
;





CREATE OR REPLACE VIEW V_AT_A_FLOW_PARAMS  AS
SELECT
  A.SETUP_FLOW_PARAM_ID,
  B.FLOW_PARAM_ID,
  C.FLOW_ID,
  AT_SEP.OPTION_ID AS AT_OPTION_ID,
  C.FLOW_NAME,
  A.PARAM_NAME,
  A.INPUT_LABEL,
  B.PARAM_VALUE,
  A.AT_UPDATE_PARAM_ID,
  A.AT_GROUP_VALUE_ID,
  AT_SEP.PARAM_NAME    AS AT_PARAM_NAME,
  AT_SOV.VALUE         AS AT_VALUE,
  AT_SOV.DISPLAY_ORDER AS AT_ORDER,
  OV.DISPLAY_ORDER     AS CURRENT_ORDER,
  (
    SELECT
      MAX(Z.DISPLAY_ORDER)
    FROM
      SETUP_OPTION_VALUES Z
    WHERE
      Z.OPTION_ID = A.OPTION_ID
  ) AS MAX_ORDER,
  (
    SELECT
      COUNT(*)
    FROM
      SETUP_FLOW_PARAMS Y
    WHERE
      Y.AT_GROUP_VALUE_ID = A.AT_GROUP_VALUE_ID
  ) AS MAX_COUNT
FROM
  STAGE_FLOW_PARAMS B
INNER JOIN SETUP_FLOW_PARAMS A
ON
  A.PARAM_NAME = B.PARAM_NAME
INNER JOIN STAGE_DATA_FLOW C
ON
  C.FLOW_ID = B.FLOW_ID
INNER JOIN SETUP_FLOW_PARAMS AT_SEP
ON
  AT_SEP.SETUP_FLOW_PARAM_ID = A.AT_UPDATE_PARAM_ID
INNER JOIN SETUP_OPTION_VALUES AT_SOV
ON
  AT_SOV.OPTION_VALUE_ID = A.AT_GROUP_VALUE_ID
INNER JOIN SETUP_PARAM_OPTION O
ON
  O.OPTION_ID = A.OPTION_ID
INNER JOIN SETUP_OPTION_VALUES OV
ON
  O.OPTION_ID = OV.OPTION_ID
AND OV.VALUE  = B.PARAM_VALUE
WHERE
  A.AT_UPDATE_PARAM_ID  IS NOT NULL
AND A.AT_GROUP_VALUE_ID IS NOT NULL
AND A.AT_FLAG            = 1 
;





CREATE OR REPLACE VIEW V_AT_CURRENT_STATUS  AS
SELECT
  B.ENTITY_ID,
  B.ENTITY_NAME,
  B.AT_PARAM_NAME,
  B.AT_OPTION_ID,
  B.AT_UPDATE_PARAM_ID,
  B.AT_ORDER
FROM
  V_AT_A_ENTITY_PARAMS B
WHERE
  (
    B.CURRENT_ORDER = B.MAX_ORDER
  )
OR
  (
    B.AT_ORDER = 1
  )
GROUP BY
  B.ENTITY_ID,
  B.ENTITY_NAME,
  B.AT_PARAM_NAME,
  B.AT_OPTION_ID,
  B.AT_UPDATE_PARAM_ID,
  B.AT_ORDER,
  B.MAX_COUNT
HAVING
  COUNT(*) = B.MAX_COUNT 
;





CREATE OR REPLACE VIEW V_AT_FLOW_CURRENT_STATUS  AS
SELECT
  B.FLOW_ID,
  B.FLOW_NAME,
  B.AT_PARAM_NAME,
  B.AT_OPTION_ID,
  B.AT_UPDATE_PARAM_ID,
  B.AT_ORDER
FROM
  V_AT_A_FLOW_PARAMS B
WHERE
  (
    B.CURRENT_ORDER = B.MAX_ORDER
  )
OR
  (
    B.AT_ORDER = 1
  )
GROUP BY
  B.FLOW_ID,
  B.FLOW_NAME,
  B.AT_PARAM_NAME,
  B.AT_OPTION_ID,
  B.AT_UPDATE_PARAM_ID,
  B.AT_ORDER,
  B.MAX_COUNT
HAVING
  COUNT(*) = B.MAX_COUNT 
;





CREATE OR REPLACE VIEW V_BROADCAST  AS
SELECT
  B.BROADCAST_ID,
  B.FLOW_ID,
  P.ENTITY_ID          AS PRODUCER_ID,
  P.PARTNER_NAME       AS PRODUCER_NAME,
  B.CONSUMER_ENTITY_ID AS CONSUMER_ID,
  C.PARTNER_NAME       AS CONSUMER_NAME
FROM
  STAGE_BROADCAST B
INNER JOIN STAGE_DATA_FLOW PDF
ON
  PDF.FLOW_ID = B.FLOW_ID
INNER JOIN STAGE_ENTITY P
ON
  P.ENTITY_ID = PDF.ENTITY_ID
INNER JOIN STAGE_ENTITY C
ON
  C.ENTITY_ID = B.CONSUMER_ENTITY_ID 
;





CREATE OR REPLACE VIEW V_DATA_FLOW  AS
SELECT
  DF.FLOW_ID,
  DF.ENTITY_ID,
  F.FILE_ID,
  P.ENTITY_NAME,
  P.PARTNER_NAME,
  DF.FLOW_NAME,
  F.TYPE       AS FILE_TYPE,
  F.VALIDATION AS FILE_VALIDATION,
  F.DESCRIPTION,
  DF.ERROR_EMAIL_ADDR,
  DF.CONSUMER_ENTITY_ID,
  C.PARTNER_NAME    AS CONSUMER_PARTNER_NAME,
  C.ENTITY_NAME     AS CONSUMER_ENTITY_NAME,
  CC.ENTITY_COMM_ID AS CONSUMER_COMM_ID,
  CC.COMM_NAME      AS CONSUMER_COMM_NAME,
  CC.PROTOCOL       AS CONSUMER_COMM_PROTOCOL,
  CC.PROCESS_NAME   AS CONSUMER_COMM_PROCESS,
  DF.LAST_MOD_USER,
  DF.LAST_MOD_DATE,
  DF.BROADCAST_FLAG
FROM
  STAGE_DATA_FLOW DF
LEFT JOIN STAGE_ENTITY C
ON
  C.ENTITY_ID = DF.CONSUMER_ENTITY_ID
INNER JOIN STAGE_ENTITY P
ON
  P.ENTITY_ID = DF.ENTITY_ID
INNER JOIN STAGE_ENTITY_FILE F
ON
  F.FILE_ID = DF.FILE_ID
LEFT JOIN STAGE_ENTITY_COMM CC
ON
  C.ENTITY_ID    = CC.ENTITY_ID
AND CC.COMM_TYPE = 'CONSUME' 
;





CREATE OR REPLACE VIEW V_DATA_FLOW_FILE  AS
SELECT
  SDF.ENTITY_ID,
  SDF.FILE_ID,
  SDF.FLOW_ID,
  SDF.FLOW_NAME,
  SDF.CONSUMER_ENTITY_ID,
  SDF.ERROR_EMAIL_ADDR,
  SEF.TYPE,
  SEF.DESCRIPTION,
  SEF.VALIDATION,
  SF.VALIDATION_TEST_ID,
  SF.TEST_FILE_NAME,
  SF.SUBMAILBOX_NAME,
  SDF.BROADCAST_FLAG
FROM
  STAGE_DATA_FLOW SDF
INNER JOIN STAGE_ENTITY_FILE SEF
ON
  SEF.FILE_ID = SDF.FILE_ID
INNER JOIN STAGE_FILE_VALIDATION_TESTS SF
ON
  SEF.FILE_ID = SF.FILE_ID 
;





CREATE OR REPLACE VIEW V_DATA_FLOW_PROCESSES  AS
SELECT
  newId() AS ID,
  SP.SETUP_PROCESS_ID,
  SP.PROCESS_NAME,
  DFP.FLOW_PROCESS_ORDER_NUM,
  DFP.FLOW_ID,
  DFP.FLOW_PROCESS_ID,
  E.ENTITY_ID,
  E.PARTNER_NAME
FROM
  SETUP_PROCESSES SP
INNER JOIN STAGE_DATA_FLOW_PROCESSES DFP
ON
  SP.SETUP_PROCESS_ID = DFP.SETUP_PROCESS_ID
INNER JOIN STAGE_DATA_FLOW DF
ON
  DF.FLOW_ID = DFP.FLOW_ID
INNER JOIN STAGE_ENTITY E
ON
  E.ENTITY_ID = DF.ENTITY_ID 
;





CREATE OR REPLACE VIEW V_DATA_FLOW_PROCESS_PARAMS  AS
SELECT
  E.ENTITY_ID,
  DFP.FLOW_ID,
  DF.FLOW_NAME,
  DFP.FLOW_PROCESS_ID,
  SP.PROCESS_NAME,
  DFPP.PARAM_ID,
  E.ENTITY_NAME,
  E.PARTNER_NAME,
  SPP.PARAM_NAME,
  CASE
    WHEN SPP.SENSITIVE_FLAG = 1
    AND
      (
        DFPP.PARAM_VALUE IS NULL
      OR DFPP.PARAM_VALUE = ''
      )
    THEN NULL
    WHEN SPP.SENSITIVE_FLAG = 1
    AND DFPP.PARAM_VALUE   IS NOT NULL
    THEN '-NotReal-'
    ELSE DFPP.PARAM_VALUE
  END AS DISPLAY_VALUE,
  DFPP.PARAM_VALUE,
  SPP.SETUP_PROCESS_ID,
  SPP.SETUP_PROCESS_PARAM_ID,
  SPP.INPUT_ORDER,
  SPP.INPUT_LABEL,
  SPP.INPUT_HELP_INFO,
  SPP.INPUT_TYPE,
  SPP.INPUT_VALIDATION,
  SPP.DEFAULT_VALUE,
  SPP.REQUIRED_FLAG,
  SPP.SENSITIVE_FLAG,
  SPP.OPTION_ID,
  SPP.SETUP_LINK_URI,
  SPP.SETUP_LINK_LABEL,
  DF.LAST_MOD_USER,
  DF.LAST_MOD_DATE
FROM
  STAGE_DATA_FLOW_PROCESS_PARAMS DFPP
INNER JOIN SETUP_PROCESS_PARAMS SPP
ON
  SPP.PARAM_NAME = DFPP.PARAM_NAME
INNER JOIN STAGE_DATA_FLOW_PROCESSES DFP
ON
  DFP.FLOW_PROCESS_ID = DFPP.FLOW_PROCESS_ID
INNER JOIN STAGE_DATA_FLOW DF
ON
  DF.FLOW_ID = DFP.FLOW_ID
INNER JOIN STAGE_ENTITY E
ON
  E.ENTITY_ID            = DF.ENTITY_ID
AND SPP.SETUP_PROCESS_ID = DFP.SETUP_PROCESS_ID
INNER JOIN SETUP_PROCESSES SP
ON
  SP.SETUP_PROCESS_ID = SPP.SETUP_PROCESS_ID 
;





CREATE OR REPLACE VIEW V_ENTITY_COMM_OVERRIDE_PARAMS  AS
SELECT
  E.ENTITY_ID,
  ECP.ENTITY_COMM_ID,
  SCP.COMM_PARAM_ID,
  ECP.PARAM_ID,
  O.PARAM_ID AS OVERRIDE_PARAM_ID,
  SCP.COMM_ID,
  DF.FLOW_ID,
  E.PARTNER_NAME,
  EC.COMM_NAME,
  EC.COMM_TYPE,
  EC.PROCESS_NAME,
  EC.PROTOCOL,
  SCP.PARAM_NAME,
  CASE
    WHEN SCP.SENSITIVE_FLAG = 1
    AND
      (
        ECP.PARAM_VALUE IS NULL
      OR ECP.PARAM_VALUE = ''
      )
    THEN NULL
    WHEN SCP.SENSITIVE_FLAG = 1
    AND ECP.PARAM_VALUE    IS NOT NULL
    THEN '-NotReal-'
    ELSE ECP.PARAM_VALUE
  END AS DISPLAY_VALUE,
  ECP.PARAM_VALUE,
  O.PARAM_VALUE AS OVERRIDE_VALUE,
  SCP.INPUT_ORDER,
  SCP.INPUT_LABEL,
  SCP.INPUT_HELP_INFO,
  SCP.INPUT_TYPE,
  SCP.INPUT_VALIDATION,
  SCP.DEFAULT_VALUE,
  SCP.REQUIRED_FLAG,
  SCP.OPTION_ID,
  SCP.OVERRIDE_FLAG,
  SCP.SENSITIVE_FLAG,
  SCP.SETUP_LINK_URI,
  SCP.SETUP_LINK_LABEL,
  P.PARTNER_NAME AS PRODUCER_NAME
FROM
  SETUP_COMM_PARAMS SCP
INNER JOIN STAGE_ENTITY_COMM_PARAMS ECP
ON
  SCP.PARAM_NAME = ECP.PARAM_NAME
INNER JOIN SETUP_COMMS SC
ON
  SC.SETUP_COMM_ID = SCP.COMM_ID
INNER JOIN STAGE_ENTITY_COMM EC
ON
  EC.ENTITY_COMM_ID = ECP.ENTITY_COMM_ID
AND SC.PROCESS_NAME = EC.PROCESS_NAME
AND SC.PROTOCOL     = EC.PROTOCOL
AND EC.COMM_TYPE    = 'CONSUME'
INNER JOIN STAGE_ENTITY E
ON
  E.ENTITY_ID = EC.ENTITY_ID
INNER JOIN STAGE_DATA_FLOW DF
ON
  E.ENTITY_ID = DF.CONSUMER_ENTITY_ID
LEFT JOIN STAGE_COMM_OVERRIDES O
ON
  SC.SETUP_COMM_ID = O.COMM_ID
AND SCP.PARAM_NAME = O.PARAM_NAME
AND DF.FLOW_ID     = O.FLOW_ID
INNER JOIN STAGE_ENTITY P
ON
  P.ENTITY_ID = DF.ENTITY_ID 
;





CREATE OR REPLACE VIEW V_ENTITY_COMM_PARAMS  AS
SELECT
  E.ENTITY_ID,
  ECP.ENTITY_COMM_ID,
  SCP.COMM_PARAM_ID,
  ECP.PARAM_ID,
  SCP.COMM_ID,
  E.PARTNER_NAME,
  EC.COMM_NAME,
  EC.COMM_TYPE,
  EC.PROCESS_NAME,
  EC.PROTOCOL,
  SCP.PARAM_NAME,
  CASE
    WHEN SCP.SENSITIVE_FLAG = 1
    AND
      (
        ECP.PARAM_VALUE IS NULL
      OR ECP.PARAM_VALUE = ''
      )
    THEN NULL
    WHEN SCP.SENSITIVE_FLAG = 1
    AND ECP.PARAM_VALUE    IS NOT NULL
    THEN '-NotReal-'
    ELSE ECP.PARAM_VALUE
  END AS DISPLAY_VALUE,
  ECP.PARAM_VALUE,
  SCP.INPUT_ORDER,
  SCP.INPUT_LABEL,
  SCP.INPUT_HELP_INFO,
  SCP.INPUT_TYPE,
  SCP.INPUT_VALIDATION,
  SCP.DEFAULT_VALUE,
  SCP.REQUIRED_FLAG,
  SCP.OPTION_ID,
  SCP.OVERRIDE_FLAG,
  SCP.SENSITIVE_FLAG,
  SCP.SETUP_LINK_URI,
  SCP.SETUP_LINK_LABEL,
  ECP.LAST_MOD_USER,
  ECP.LAST_MOD_DATE
FROM
  SETUP_COMM_PARAMS SCP
INNER JOIN STAGE_ENTITY_COMM_PARAMS ECP
ON
  SCP.PARAM_NAME = ECP.PARAM_NAME
INNER JOIN SETUP_COMMS SC
ON
  SC.SETUP_COMM_ID = SCP.COMM_ID
INNER JOIN STAGE_ENTITY_COMM EC
ON
  EC.ENTITY_COMM_ID = ECP.ENTITY_COMM_ID
AND SC.PROCESS_NAME = EC.PROCESS_NAME
AND SC.PROTOCOL     = EC.PROTOCOL
INNER JOIN STAGE_ENTITY E
ON
  E.ENTITY_ID = EC.ENTITY_ID 
;





CREATE OR REPLACE VIEW V_ENTITY_COMM_SCHEDULES  AS
SELECT
  S.SCHEDULE_ID,
  S.ENTITY_COMM_ID,
  C.ENTITY_ID,
  E.ENTITY_NAME,
  E.PARTNER_NAME,
  C.COMM_NAME,
  C.COMM_TYPE,
  C.PROTOCOL,
  C.PROCESS_NAME,
  S.EXECUTION_MINUTES,
  S.EXECUTION_HOURS,
  S.EXECUTION_DOW,
  S.EXECUTION_DOM,
  S.ENABLED,
  C.LAST_MOD_USER,
  C.LAST_MOD_DATE
FROM
  STAGE_COMM_SCHEDULES S
INNER JOIN STAGE_ENTITY_COMM C
ON
  C.ENTITY_COMM_ID = S.ENTITY_COMM_ID
INNER JOIN STAGE_ENTITY E
ON
  E.ENTITY_ID = C.ENTITY_ID 
;





CREATE OR REPLACE VIEW V_ENTITY_GROUPS  AS
SELECT STAGE_ENTITY_GROUPS.GROUP_ID,
  STAGE_ENTITY_GROUPS.ENTITY_ID,
  SETUP_ENTITY_GROUPS.GROUP_NAME,
  STAGE_ENTITY_GROUPS.ENTITY_GROUP_ID
FROM STAGE_ENTITY_GROUPS
INNER JOIN SETUP_ENTITY_GROUPS
ON SETUP_ENTITY_GROUPS.GROUP_ID = STAGE_ENTITY_GROUPS.GROUP_ID 
;





CREATE OR REPLACE VIEW V_ENTITY_PARAMS  AS
SELECT A.SETUP_ENTITY_PARAM_ID,
  A.INPUT_ORDER,
  A.PARAM_NAME,
  A.INPUT_LABEL,
  A.INPUT_TYPE,
  A.INPUT_HELP_INFO,
  A.DEFAULT_VALUE,
  A.INPUT_VALIDATION,
  A.SENSITIVE_FLAG,
  A.PROTECTED_FLAG,
  A.REQUIRED_FLAG,
  A.ON_GRID_FLAG,
  A.OPTION_ID,
  B.ENTITY_PARAM_ID,
  B.ENTITY_ID,
  (
    SELECT COUNT(*)
    FROM STAGE_ENTITY_COMM SEC
    WHERE SEC.ENTITY_ID = B.ENTITY_ID
  ) AS COMM_COUNT,
  (
    SELECT COUNT(*)
    FROM STAGE_DATA_FLOW SDF
    WHERE
      (
        SDF.ENTITY_ID = B.ENTITY_ID
      )
    OR
      (
        SDF.CONSUMER_ENTITY_ID = B.ENTITY_ID
      )
  ) AS FLOW_COUNT,
  CASE
    WHEN A.SENSITIVE_FLAG = 1
    AND
      (
        B.PARAM_VALUE IS NULL
      OR B.PARAM_VALUE = ''
      )
    THEN NULL
    WHEN A.SENSITIVE_FLAG = 1
    AND B.PARAM_VALUE    IS NOT NULL
    THEN '-NotReal-'
    ELSE B.PARAM_VALUE
  END AS DISPLAY_VALUE,
  B.PARAM_VALUE,
  C.ENTITY_NAME,
  C.PARTNER_NAME,
  T.TAB_ID,
  T.TAB_NAME,
  T.ORDER_NUM,
  B.LAST_MOD_USER,
  B.LAST_MOD_DATE,
  A.AT_FLAG,
  A.AT_UPDATE_PARAM_ID
FROM STAGE_ENTITY_PARAMS B
INNER JOIN SETUP_ENTITY_PARAMS A
ON A.PARAM_NAME = B.PARAM_NAME
INNER JOIN STAGE_ENTITY C
ON C.ENTITY_ID = B.ENTITY_ID
INNER JOIN SETUP_ENTITY_PARAM_TABS T
ON T.TAB_ID = A.TAB_ID 
;





CREATE OR REPLACE VIEW V_FLOW_PARAMS  AS
SELECT
  FP.FLOW_PARAM_ID,
  FP.FLOW_ID,
  DF.ENTITY_ID,
  T.TAB_ID,
  T.TAB_NAME,
  T.ORDER_NUM,
  FP.PARAM_NAME,
  S.INPUT_LABEL,
  S.INPUT_ORDER,
  FP.PARAM_VALUE,
  CASE
    WHEN S.SENSITIVE_FLAG = 1
    AND
      (
        FP.PARAM_VALUE IS NULL
      OR FP.PARAM_VALUE = ''
      )
    THEN NULL
    WHEN S.SENSITIVE_FLAG = 1
    AND FP.PARAM_VALUE   IS NOT NULL
    THEN '-NotReal-'
    ELSE FP.PARAM_VALUE
  END AS DISPLAY_VALUE,
  S.INPUT_HELP_INFO,
  S.INPUT_TYPE,
  S.INPUT_VALIDATION,
  S.DEFAULT_VALUE,
  S.OPTION_ID,
  S.SENSITIVE_FLAG,
  S.ON_GRID_FLAG,
  S.REQUIRED_FLAG,
  FP.LAST_MOD_USER,
  FP.LAST_MOD_DATE,
  S.AT_FLAG,
  S.AT_UPDATE_PARAM_ID
FROM
  STAGE_FLOW_PARAMS FP,
  SETUP_FLOW_PARAMS S,
  STAGE_DATA_FLOW DF,
  SETUP_FLOW_PARAM_TABS T
WHERE
  FP.PARAM_NAME = S.PARAM_NAME
AND DF.FLOW_ID  = FP.FLOW_ID
AND T.TAB_ID    = S.TAB_ID 
;





CREATE OR REPLACE VIEW V_MISSING_REQUIRED_PARAMS  AS
SELECT NEWID() AS ID,
  V.ENTITY_ID,
  V.ENTITY_NAME,
  V.PARTNER_NAME,
  'Partner Parameter' AS TYPE,
  V.ENTITY_ID         AS TYPE_ID,
  V.TAB_NAME          AS LOCATION,
  V.INPUT_LABEL
FROM V_ENTITY_PARAMS V
WHERE V.REQUIRED_FLAG = 1
AND (V.PARAM_VALUE   IS NULL
OR V.PARAM_VALUE      = '')
UNION ALL
SELECT NEWID() AS ID,
  V.ENTITY_ID,
  E.ENTITY_NAME,
  V.PARTNER_NAME,
  'Communication Parameter' AS TYPE,
  V.ENTITY_COMM_ID          AS TYPE_ID,
  V.COMM_NAME               AS LOCATION,
  V.INPUT_LABEL
FROM V_ENTITY_COMM_PARAMS V
INNER JOIN STAGE_ENTITY E
ON V.ENTITY_ID        = E.ENTITY_ID
WHERE V.REQUIRED_FLAG = 1
AND (V.PARAM_VALUE   IS NULL
OR V.PARAM_VALUE      = '')
UNION ALL
SELECT NEWID() AS ID,
  V.ENTITY_ID,
  E.ENTITY_NAME,
  V.PARTNER_NAME,
  'Process Parameter' AS TYPE,
  V.FLOW_ID           AS TYPE_ID,
  V.FLOW_NAME         AS LOCATION,
  V.INPUT_LABEL
FROM V_DATA_FLOW_PROCESS_PARAMS V
INNER JOIN STAGE_ENTITY E
ON V.ENTITY_ID        = E.ENTITY_ID
WHERE V.REQUIRED_FLAG = 1
AND (V.PARAM_VALUE   IS NULL
OR V.PARAM_VALUE      = '')
UNION ALL
SELECT NEWID() AS ID,
  V.ENTITY_ID,
  E.ENTITY_NAME,
  E.PARTNER_NAME,
  'Flow Parameter' AS TYPE,
  V.FLOW_ID        AS TYPE_ID,
  SDF.FLOW_NAME    AS LOCATION,
  V.INPUT_LABEL
FROM V_FLOW_PARAMS V
INNER JOIN STAGE_ENTITY E
ON V.ENTITY_ID = E.ENTITY_ID
INNER JOIN STAGE_DATA_FLOW SDF
ON SDF.FLOW_ID        = V.FLOW_ID
WHERE V.REQUIRED_FLAG = 1
AND (V.PARAM_VALUE   IS NULL
OR V.PARAM_VALUE      = '') 
;





CREATE OR REPLACE VIEW V_ONBOARDING_WORKFLOW  AS
SELECT
  OBW.WORKFLOW_ID,
  OBW.WORKFLOW_NAME,
  OBW.PRODUCER_ID,
  OBW.CONSUMER_ID,
  OBW.PRODUCER_COMM_ID,
  OBW.CONSUMER_COMM_ID,
  OBW.DATA_FLOW_ID,
  P.ENTITY_NAME AS P_NAME,
  C.ENTITY_NAME AS C_NAME,
  PC.COMM_NAME  AS P_COMM_NAME,
  PC.PROTOCOL   AS P_PROTOCOL,
  CC.COMM_NAME  AS C_COMM_NAME,
  CC.PROTOCOL   AS C_PROTOCOL,
  DF.FLOW_NAME,
  (
    SELECT
      COUNT(*)
    FROM
      V_MISSING_REQUIRED_PARAMS MP
    WHERE
      MP.ENTITY_ID = OBW.PRODUCER_ID
    AND MP.TYPE    = 'Partner Parameter'
  ) AS P_MISSING_COUNT,
  (
    SELECT
      COUNT(*)
    FROM
      V_MISSING_REQUIRED_PARAMS MC
    WHERE
      MC.ENTITY_ID = OBW.CONSUMER_ID
    AND MC.TYPE    = 'Partner Parameter'
  ) AS C_MISSING_COUNT,
  (
    SELECT
      COUNT(*)
    FROM
      V_MISSING_REQUIRED_PARAMS MPC
    WHERE
      MPC.TYPE_ID = OBW.PRODUCER_COMM_ID
    AND MPC.TYPE  = 'Communication Parameter'
  ) AS PC_MISSING_COUNT,
  (
    SELECT
      COUNT(*)
    FROM
      V_MISSING_REQUIRED_PARAMS MCC
    WHERE
      MCC.TYPE_ID = OBW.CONSUMER_COMM_ID
    AND MCC.TYPE  = 'Communication Parameter'
  ) AS CC_MISSING_COUNT,
  (
    SELECT
      COUNT(*)
    FROM
      V_MISSING_REQUIRED_PARAMS MDF
    WHERE
      MDF.TYPE_ID = OBW.DATA_FLOW_ID
    AND MDF.TYPE IN ('Process Parameter', 'Flow Parameter')
  ) AS DF_MISSING_COUNT,
  OBW.LAST_MOD_USER,
  OBW.LAST_MOD_DATE
FROM
  STAGE_ONBOARDING_WORKFLOW OBW
LEFT JOIN STAGE_ENTITY P
ON
  OBW.PRODUCER_ID = P.ENTITY_ID
LEFT JOIN STAGE_ENTITY C
ON
  OBW.CONSUMER_ID = C.ENTITY_ID
LEFT JOIN STAGE_ENTITY_COMM PC
ON
  OBW.PRODUCER_COMM_ID = PC.ENTITY_COMM_ID
LEFT JOIN STAGE_ENTITY_COMM CC
ON
  OBW.CONSUMER_COMM_ID = CC.ENTITY_COMM_ID
LEFT JOIN STAGE_DATA_FLOW DF
ON
  OBW.DATA_FLOW_ID = DF.FLOW_ID 
;





CREATE OR REPLACE VIEW V_PREF_REPORT_PARAMS  AS
SELECT PRR.REPORT_PARAM_ID,
  PRR.REPORT_ID,
  PRR.DROPDOWN_ENTITY_PARAM_ID,
  PRR.SEARCH_PARAM_NAME,
  PRR.SEARCH_PARAM_VALUE,
  PRR.SEARCH_OPERATOR,
  SEP.INPUT_LABEL AS SEARCH_PARAM_DISPLAY_LABEL,
  SEP.TAB_ID,
  SEP.PARAM_NAME,
  SEP.INPUT_ORDER,
  SEP.INPUT_LABEL,
  SEP.INPUT_HELP_INFO,
  SEP.INPUT_TYPE,
  SEP.INPUT_VALIDATION,
  SEP.DEFAULT_VALUE,
  SEP.OPTION_ID,
  SEP.SENSITIVE_FLAG,
  SEP.ON_GRID_FLAG,
  SEP.PROTECTED_FLAG,
  SEP.REQUIRED_FLAG
FROM PREF_REPORT_PARAMS PRR
LEFT JOIN SETUP_ENTITY_PARAMS SEP
ON PRR.DROPDOWN_ENTITY_PARAM_ID = SEP.SETUP_ENTITY_PARAM_ID 
;





CREATE OR REPLACE VIEW V_PREF_REPORT_SCHEDULES  AS
SELECT
  R.REPORT_ID,
  S.SCHEDULE_ID,
  R.REPORT_NAME,
  R.REPORT_USER,
  R.REPORT_EMAIL,
  R.REPORT_TYPE,
  R.OUTPUT_FORMAT,
  S.EXECUTION_MINUTES,
  S.EXECUTION_HOURS,
  S.EXECUTION_DOW,
  S.EXECUTION_DOM,
  S.ENABLED,
  R.LAST_MOD_USER,
  R.LAST_MOD_DATE
FROM
  PREF_REPORT R
INNER JOIN PREF_REPORT_SCHEDULES S
ON
  R.REPORT_ID = S.REPORT_ID 
;





CREATE OR REPLACE VIEW V_PUBLISH_HISTORY  AS
SELECT P.PUBLISH_ID,
  P.ENTITY_ID,
  P.ENTITY_NAME,
  P.DESCRIPTION,
  P.USERNAME,
  P.TIME_STAMP AS LAST_PUBLISHED_DATE,
  S.LAST_MOD_USER,
  S.LAST_MOD_DATE
FROM PUBLISH_HISTORY P
INNER JOIN STAGE_ENTITY S
ON P.ENTITY_ID = S.ENTITY_ID 
;





CREATE OR REPLACE VIEW V_SETUP_COMM_PARAMS  AS
SELECT SETUP_COMMS.PROCESS_NAME,
  SETUP_COMM_PARAMS.PARAM_NAME,
  SETUP_COMM_PARAMS.COMM_PARAM_ID,
  SETUP_COMM_PARAMS.DEFAULT_VALUE
FROM SETUP_COMMS
INNER JOIN SETUP_COMM_PARAMS
ON SETUP_COMMS.SETUP_COMM_ID = SETUP_COMM_PARAMS.COMM_ID 
;





CREATE OR REPLACE VIEW V_SETUP_ENTITY_PARAMS  AS
SELECT
  P.SETUP_ENTITY_PARAM_ID,
  P.TAB_ID,
  T.TAB_NAME,
  T.ORDER_NUM AS TAB_ORDER,
  P.PARAM_NAME,
  P.INPUT_ORDER,
  P.INPUT_LABEL,
  P.INPUT_HELP_INFO,
  P.INPUT_TYPE,
  P.INPUT_VALIDATION,
  COALESCE(V.VALUE, P.DEFAULT_VALUE) AS DEFAULT_VALUE,
  P.OPTION_ID,
  P.SENSITIVE_FLAG,
  P.ON_GRID_FLAG,
  P.PROTECTED_FLAG,
  P.REQUIRED_FLAG,
  P.AT_FLAG,
  P.AT_UPDATE_PARAM_ID,
  P.AT_GROUP_VALUE_ID,
  A.INPUT_LABEL AS AUTO_TRACKING_NAME
FROM
  SETUP_ENTITY_PARAM_TABS T
INNER JOIN SETUP_ENTITY_PARAMS P
ON
  T.TAB_ID = P.TAB_ID
LEFT JOIN SETUP_PARAM_OPTION O
ON
  P.OPTION_ID = O.OPTION_ID
LEFT JOIN SETUP_OPTION_VALUES V
ON
  O.OPTION_ID      = V.OPTION_ID
AND V.DEFAULT_FLAG = 1
LEFT JOIN SETUP_ENTITY_PARAMS A
ON
  A.SETUP_ENTITY_PARAM_ID = P.AT_UPDATE_PARAM_ID 
;





CREATE OR REPLACE VIEW V_SETUP_FLOW_PARAMS  AS
SELECT
  P.SETUP_FLOW_PARAM_ID,
  T.TAB_ID,
  T.TAB_NAME,
  T.ORDER_NUM,
  P.PARAM_NAME,
  P.INPUT_ORDER,
  P.INPUT_LABEL,
  P.INPUT_HELP_INFO,
  P.INPUT_TYPE,
  P.INPUT_VALIDATION,
  COALESCE(V.VALUE, P.DEFAULT_VALUE) AS DEFAULT_VALUE,
  P.OPTION_ID,
  P.SENSITIVE_FLAG,
  P.ON_GRID_FLAG,
  P.REQUIRED_FLAG,
  P.AT_FLAG,
  P.AT_UPDATE_PARAM_ID,
  P.AT_GROUP_VALUE_ID,
  A.INPUT_LABEL AS AUTO_TRACKING_NAME
FROM
  SETUP_FLOW_PARAMS P
LEFT JOIN SETUP_PARAM_OPTION O
ON
  P.OPTION_ID = O.OPTION_ID
LEFT JOIN SETUP_OPTION_VALUES V
ON
  O.OPTION_ID      = V.OPTION_ID
AND V.DEFAULT_FLAG = 1
INNER JOIN SETUP_FLOW_PARAM_TABS T
ON
  T.TAB_ID = P.TAB_ID
LEFT JOIN SETUP_FLOW_PARAMS A
ON
  A.SETUP_FLOW_PARAM_ID = P.AT_UPDATE_PARAM_ID 
;





CREATE OR REPLACE VIEW V_USER_TASKS  AS
SELECT
  COALESCE(SE.ENTITY_NAME, '')  AS ENTITY_NAME,
  COALESCE(SE.PARTNER_NAME, '') AS PARTNER_NAME,
  SE.ENTITY_ID,
  UT.TASK_ID,
  UT.COMPLETED_FLAG,
  UT.ASSIGNED_USER,
  UT.TASK_TITLE,
  UT.TASK_NOTE,
  UT.TASK_DUE_DATE,
  UT.CREATED_BY_USER,
  UT.COMPLETED_DATE,
  UT.TASK_CREATED_DATE
FROM
  USER_TASKS UT
LEFT JOIN STAGE_ENTITY SE
ON
  SE.ENTITY_ID = UT.ENTITY_ID 
;






-- Oracle SQL Developer Data Modeler Summary Report: 
-- 
-- CREATE TABLE                            49
-- CREATE INDEX                             2
-- ALTER TABLE                            120
-- CREATE VIEW                             28
-- ALTER VIEW                               0
-- CREATE PACKAGE                           0
-- CREATE PACKAGE BODY                      0
-- CREATE PROCEDURE                         0
-- CREATE FUNCTION                          0
-- CREATE TRIGGER                           0
-- ALTER TRIGGER                            0
-- CREATE COLLECTION TYPE                   0
-- CREATE STRUCTURED TYPE                   0
-- CREATE STRUCTURED TYPE BODY              0
-- CREATE CLUSTER                           0
-- CREATE CONTEXT                           0
-- CREATE DATABASE                          0
-- CREATE DIMENSION                         0
-- CREATE DIRECTORY                         0
-- CREATE DISK GROUP                        0
-- CREATE ROLE                              0
-- CREATE ROLLBACK SEGMENT                  0
-- CREATE SEQUENCE                          0
-- CREATE MATERIALIZED VIEW                 0
-- CREATE SYNONYM                           0
-- CREATE TABLESPACE                        0
-- CREATE USER                              0
-- 
-- DROP TABLESPACE                          0
-- DROP DATABASE                            0
-- 
-- REDACTION POLICY                         0
-- 
-- ORDS DROP SCHEMA                         0
-- ORDS ENABLE SCHEMA                       0
-- ORDS ENABLE OBJECT                       0
-- 
-- ERRORS                                   0
-- WARNINGS                                 0
